{
  "cwd": "/Users/lvdengming/Program/repositories/umi-demo",
  "pkg": {
    "private": true,
    "author": "lvdengming <lvdengming@foxmail.com>",
    "scripts": {
      "dev": "umi dev",
      "build": "umi build",
      "postinstall": "umi setup",
      "setup": "umi setup",
      "start": "npm run dev"
    },
    "dependencies": {
      "umi": "^4.4.11"
    },
    "devDependencies": {
      "@types/react": "^18.0.33",
      "@types/react-dom": "^18.0.11",
      "typescript": "^5.0.3"
    }
  },
  "pkgPath": "/Users/lvdengming/Program/repositories/umi-demo/package.json",
  "plugins": {
    "./node_modules/.pnpm/@umijs+core@4.4.11/node_modules/@umijs/core/dist/service/servicePlugin": {
      "config": {},
      "time": {
        "hooks": {},
        "register": 1
      },
      "enableBy": "register",
      "type": "preset",
      "path": "/Users/lvdengming/Program/repositories/umi-demo/node_modules/.pnpm/@umijs+core@4.4.11/node_modules/@umijs/core/dist/service/servicePlugin.js",
      "cwd": "/Users/lvdengming/Program/repositories/umi-demo",
      "id": "./node_modules/.pnpm/@umijs+core@4.4.11/node_modules/@umijs/core/dist/service/servicePlugin",
      "key": "servicePlugin"
    },
    "@umijs/preset-umi": {
      "config": {},
      "time": {
        "hooks": {},
        "register": 6
      },
      "enableBy": "register",
      "type": "preset",
      "path": "/Users/lvdengming/Program/repositories/umi-demo/node_modules/.pnpm/@umijs+preset-umi@4.4.11_@types+node@24.0.3_@types+react@18.3.23_lightningcss@1.22.1_ro_ecdb4f6840b86c4f81529d2795a8fe11/node_modules/@umijs/preset-umi/dist/index.js",
      "cwd": "/Users/lvdengming/Program/repositories/umi-demo",
      "id": "@umijs/preset-umi",
      "key": "umi"
    },
    "./node_modules/.pnpm/@umijs+preset-umi@4.4.11_@types+node@24.0.3_@types+react@18.3.23_lightningcss@1.22.1_ro_ecdb4f6840b86c4f81529d2795a8fe11/node_modules/@umijs/preset-umi/dist/registerMethods": {
      "config": {},
      "time": {
        "hooks": {
          "onStart": [
            8
          ]
        },
        "register": 3
      },
      "enableBy": "register",
      "type": "plugin",
      "path": "/Users/lvdengming/Program/repositories/umi-demo/node_modules/.pnpm/@umijs+preset-umi@4.4.11_@types+node@24.0.3_@types+react@18.3.23_lightningcss@1.22.1_ro_ecdb4f6840b86c4f81529d2795a8fe11/node_modules/@umijs/preset-umi/dist/registerMethods.js",
      "cwd": "/Users/lvdengming/Program/repositories/umi-demo",
      "id": "./node_modules/.pnpm/@umijs+preset-umi@4.4.11_@types+node@24.0.3_@types+react@18.3.23_lightningcss@1.22.1_ro_ecdb4f6840b86c4f81529d2795a8fe11/node_modules/@umijs/preset-umi/dist/registerMethods",
      "key": "registerMethods"
    },
    "@umijs/did-you-know": {
      "config": {},
      "time": {
        "hooks": {
          "onStart": [
            1
          ]
        },
        "register": 0
      },
      "enableBy": "register",
      "type": "plugin",
      "path": "/Users/lvdengming/Program/repositories/umi-demo/node_modules/.pnpm/@umijs+did-you-know@1.0.3/node_modules/@umijs/did-you-know/dist/plugin.js",
      "cwd": "/Users/lvdengming/Program/repositories/umi-demo",
      "id": "@umijs/did-you-know",
      "key": "umijsDidYouKnow"
    },
    "./node_modules/.pnpm/@umijs+preset-umi@4.4.11_@types+node@24.0.3_@types+react@18.3.23_lightningcss@1.22.1_ro_ecdb4f6840b86c4f81529d2795a8fe11/node_modules/@umijs/preset-umi/dist/features/404/404": {
      "config": {},
      "time": {
        "hooks": {
          "modifyRoutes": [
            0
          ]
        },
        "register": 1
      },
      "enableBy": "register",
      "type": "plugin",
      "path": "/Users/lvdengming/Program/repositories/umi-demo/node_modules/.pnpm/@umijs+preset-umi@4.4.11_@types+node@24.0.3_@types+react@18.3.23_lightningcss@1.22.1_ro_ecdb4f6840b86c4f81529d2795a8fe11/node_modules/@umijs/preset-umi/dist/features/404/404.js",
      "cwd": "/Users/lvdengming/Program/repositories/umi-demo",
      "id": "./node_modules/.pnpm/@umijs+preset-umi@4.4.11_@types+node@24.0.3_@types+react@18.3.23_lightningcss@1.22.1_ro_ecdb4f6840b86c4f81529d2795a8fe11/node_modules/@umijs/preset-umi/dist/features/404/404",
      "key": "404"
    },
    "./node_modules/.pnpm/@umijs+preset-umi@4.4.11_@types+node@24.0.3_@types+react@18.3.23_lightningcss@1.22.1_ro_ecdb4f6840b86c4f81529d2795a8fe11/node_modules/@umijs/preset-umi/dist/features/appData/appData": {
      "config": {},
      "time": {
        "hooks": {
          "modifyAppData": [
            3
          ]
        },
        "register": 13
      },
      "enableBy": "register",
      "type": "plugin",
      "path": "/Users/lvdengming/Program/repositories/umi-demo/node_modules/.pnpm/@umijs+preset-umi@4.4.11_@types+node@24.0.3_@types+react@18.3.23_lightningcss@1.22.1_ro_ecdb4f6840b86c4f81529d2795a8fe11/node_modules/@umijs/preset-umi/dist/features/appData/appData.js",
      "cwd": "/Users/lvdengming/Program/repositories/umi-demo",
      "id": "./node_modules/.pnpm/@umijs+preset-umi@4.4.11_@types+node@24.0.3_@types+react@18.3.23_lightningcss@1.22.1_ro_ecdb4f6840b86c4f81529d2795a8fe11/node_modules/@umijs/preset-umi/dist/features/appData/appData",
      "key": "appData"
    },
    "./node_modules/.pnpm/@umijs+preset-umi@4.4.11_@types+node@24.0.3_@types+react@18.3.23_lightningcss@1.22.1_ro_ecdb4f6840b86c4f81529d2795a8fe11/node_modules/@umijs/preset-umi/dist/features/appData/umiInfo": {
      "config": {},
      "time": {
        "hooks": {},
        "register": 1
      },
      "enableBy": "register",
      "type": "plugin",
      "path": "/Users/lvdengming/Program/repositories/umi-demo/node_modules/.pnpm/@umijs+preset-umi@4.4.11_@types+node@24.0.3_@types+react@18.3.23_lightningcss@1.22.1_ro_ecdb4f6840b86c4f81529d2795a8fe11/node_modules/@umijs/preset-umi/dist/features/appData/umiInfo.js",
      "cwd": "/Users/lvdengming/Program/repositories/umi-demo",
      "id": "./node_modules/.pnpm/@umijs+preset-umi@4.4.11_@types+node@24.0.3_@types+react@18.3.23_lightningcss@1.22.1_ro_ecdb4f6840b86c4f81529d2795a8fe11/node_modules/@umijs/preset-umi/dist/features/appData/umiInfo",
      "key": "umiInfo"
    },
    "./node_modules/.pnpm/@umijs+preset-umi@4.4.11_@types+node@24.0.3_@types+react@18.3.23_lightningcss@1.22.1_ro_ecdb4f6840b86c4f81529d2795a8fe11/node_modules/@umijs/preset-umi/dist/features/check/check": {
      "config": {},
      "time": {
        "hooks": {
          "onCheckConfig": [
            0
          ],
          "onCheck": [
            0
          ]
        },
        "register": 0
      },
      "enableBy": "register",
      "type": "plugin",
      "path": "/Users/lvdengming/Program/repositories/umi-demo/node_modules/.pnpm/@umijs+preset-umi@4.4.11_@types+node@24.0.3_@types+react@18.3.23_lightningcss@1.22.1_ro_ecdb4f6840b86c4f81529d2795a8fe11/node_modules/@umijs/preset-umi/dist/features/check/check.js",
      "cwd": "/Users/lvdengming/Program/repositories/umi-demo",
      "id": "./node_modules/.pnpm/@umijs+preset-umi@4.4.11_@types+node@24.0.3_@types+react@18.3.23_lightningcss@1.22.1_ro_ecdb4f6840b86c4f81529d2795a8fe11/node_modules/@umijs/preset-umi/dist/features/check/check",
      "key": "check"
    },
    "./node_modules/.pnpm/@umijs+preset-umi@4.4.11_@types+node@24.0.3_@types+react@18.3.23_lightningcss@1.22.1_ro_ecdb4f6840b86c4f81529d2795a8fe11/node_modules/@umijs/preset-umi/dist/features/check/babel722": {
      "config": {},
      "time": {
        "hooks": {
          "onCheck": [
            1
          ]
        },
        "register": 1
      },
      "enableBy": "register",
      "type": "plugin",
      "path": "/Users/lvdengming/Program/repositories/umi-demo/node_modules/.pnpm/@umijs+preset-umi@4.4.11_@types+node@24.0.3_@types+react@18.3.23_lightningcss@1.22.1_ro_ecdb4f6840b86c4f81529d2795a8fe11/node_modules/@umijs/preset-umi/dist/features/check/babel722.js",
      "cwd": "/Users/lvdengming/Program/repositories/umi-demo",
      "id": "./node_modules/.pnpm/@umijs+preset-umi@4.4.11_@types+node@24.0.3_@types+react@18.3.23_lightningcss@1.22.1_ro_ecdb4f6840b86c4f81529d2795a8fe11/node_modules/@umijs/preset-umi/dist/features/check/babel722",
      "key": "babel722"
    },
    "./node_modules/.pnpm/@umijs+preset-umi@4.4.11_@types+node@24.0.3_@types+react@18.3.23_lightningcss@1.22.1_ro_ecdb4f6840b86c4f81529d2795a8fe11/node_modules/@umijs/preset-umi/dist/features/codeSplitting/codeSplitting": {
      "config": {},
      "time": {
        "hooks": {},
        "register": 0
      },
      "enableBy": "config",
      "type": "plugin",
      "path": "/Users/lvdengming/Program/repositories/umi-demo/node_modules/.pnpm/@umijs+preset-umi@4.4.11_@types+node@24.0.3_@types+react@18.3.23_lightningcss@1.22.1_ro_ecdb4f6840b86c4f81529d2795a8fe11/node_modules/@umijs/preset-umi/dist/features/codeSplitting/codeSplitting.js",
      "cwd": "/Users/lvdengming/Program/repositories/umi-demo",
      "id": "./node_modules/.pnpm/@umijs+preset-umi@4.4.11_@types+node@24.0.3_@types+react@18.3.23_lightningcss@1.22.1_ro_ecdb4f6840b86c4f81529d2795a8fe11/node_modules/@umijs/preset-umi/dist/features/codeSplitting/codeSplitting",
      "key": "codeSplitting"
    },
    "./node_modules/.pnpm/@umijs+preset-umi@4.4.11_@types+node@24.0.3_@types+react@18.3.23_lightningcss@1.22.1_ro_ecdb4f6840b86c4f81529d2795a8fe11/node_modules/@umijs/preset-umi/dist/features/configPlugins/configPlugins": {
      "config": {},
      "time": {
        "hooks": {
          "modifyConfig": [
            0
          ]
        },
        "register": 5
      },
      "enableBy": "register",
      "type": "plugin",
      "path": "/Users/lvdengming/Program/repositories/umi-demo/node_modules/.pnpm/@umijs+preset-umi@4.4.11_@types+node@24.0.3_@types+react@18.3.23_lightningcss@1.22.1_ro_ecdb4f6840b86c4f81529d2795a8fe11/node_modules/@umijs/preset-umi/dist/features/configPlugins/configPlugins.js",
      "cwd": "/Users/lvdengming/Program/repositories/umi-demo",
      "id": "./node_modules/.pnpm/@umijs+preset-umi@4.4.11_@types+node@24.0.3_@types+react@18.3.23_lightningcss@1.22.1_ro_ecdb4f6840b86c4f81529d2795a8fe11/node_modules/@umijs/preset-umi/dist/features/configPlugins/configPlugins",
      "key": "configPlugins"
    },
    "virtual: config-title": {
      "id": "virtual: config-title",
      "key": "title",
      "config": {},
      "type": "plugin",
      "enableBy": "register",
      "time": {
        "hooks": {},
        "register": 0
      }
    },
    "virtual: config-styles": {
      "id": "virtual: config-styles",
      "key": "styles",
      "config": {},
      "type": "plugin",
      "enableBy": "register",
      "time": {
        "hooks": {},
        "register": 0
      }
    },
    "virtual: config-scripts": {
      "id": "virtual: config-scripts",
      "key": "scripts",
      "config": {},
      "type": "plugin",
      "enableBy": "register",
      "time": {
        "hooks": {},
        "register": 0
      }
    },
    "virtual: config-routes": {
      "id": "virtual: config-routes",
      "key": "routes",
      "config": {
        "onChange": "regenerateTmpFiles"
      },
      "type": "plugin",
      "enableBy": "register",
      "time": {
        "hooks": {},
        "register": 0
      }
    },
    "virtual: config-routeLoader": {
      "id": "virtual: config-routeLoader",
      "key": "routeLoader",
      "config": {
        "default": {
          "moduleType": "esm"
        }
      },
      "type": "plugin",
      "enableBy": "register",
      "time": {
        "hooks": {},
        "register": 0
      }
    },
    "virtual: config-reactRouter5Compat": {
      "id": "virtual: config-reactRouter5Compat",
      "key": "reactRouter5Compat",
      "config": {},
      "type": "plugin",
      "enableBy": "register",
      "time": {
        "hooks": {},
        "register": 0
      }
    },
    "virtual: config-presets": {
      "id": "virtual: config-presets",
      "key": "presets",
      "config": {},
      "type": "plugin",
      "enableBy": "register",
      "time": {
        "hooks": {},
        "register": 0
      }
    },
    "virtual: config-plugins": {
      "id": "virtual: config-plugins",
      "key": "plugins",
      "config": {},
      "type": "plugin",
      "enableBy": "register",
      "time": {
        "hooks": {},
        "register": 0
      }
    },
    "virtual: config-npmClient": {
      "id": "virtual: config-npmClient",
      "key": "npmClient",
      "config": {},
      "type": "plugin",
      "enableBy": "register",
      "time": {
        "hooks": {},
        "register": 0
      }
    },
    "virtual: config-mountElementId": {
      "id": "virtual: config-mountElementId",
      "key": "mountElementId",
      "config": {
        "default": "root"
      },
      "type": "plugin",
      "enableBy": "register",
      "time": {
        "hooks": {},
        "register": 0
      }
    },
    "virtual: config-metas": {
      "id": "virtual: config-metas",
      "key": "metas",
      "config": {},
      "type": "plugin",
      "enableBy": "register",
      "time": {
        "hooks": {},
        "register": 0
      }
    },
    "virtual: config-links": {
      "id": "virtual: config-links",
      "key": "links",
      "config": {},
      "type": "plugin",
      "enableBy": "register",
      "time": {
        "hooks": {},
        "register": 0
      }
    },
    "virtual: config-historyWithQuery": {
      "id": "virtual: config-historyWithQuery",
      "key": "historyWithQuery",
      "config": {},
      "type": "plugin",
      "enableBy": "register",
      "time": {
        "hooks": {},
        "register": 0
      }
    },
    "virtual: config-history": {
      "id": "virtual: config-history",
      "key": "history",
      "config": {
        "default": {
          "type": "browser"
        }
      },
      "type": "plugin",
      "enableBy": "register",
      "time": {
        "hooks": {},
        "register": 0
      }
    },
    "virtual: config-headScripts": {
      "id": "virtual: config-headScripts",
      "key": "headScripts",
      "config": {},
      "type": "plugin",
      "enableBy": "register",
      "time": {
        "hooks": {},
        "register": 0
      }
    },
    "virtual: config-esbuildMinifyIIFE": {
      "id": "virtual: config-esbuildMinifyIIFE",
      "key": "esbuildMinifyIIFE",
      "config": {},
      "type": "plugin",
      "enableBy": "register",
      "time": {
        "hooks": {},
        "register": 0
      }
    },
    "virtual: config-conventionRoutes": {
      "id": "virtual: config-conventionRoutes",
      "key": "conventionRoutes",
      "config": {},
      "type": "plugin",
      "enableBy": "register",
      "time": {
        "hooks": {},
        "register": 0
      }
    },
    "virtual: config-conventionLayout": {
      "id": "virtual: config-conventionLayout",
      "key": "conventionLayout",
      "config": {},
      "type": "plugin",
      "enableBy": "register",
      "time": {
        "hooks": {},
        "register": 0
      }
    },
    "virtual: config-base": {
      "id": "virtual: config-base",
      "key": "base",
      "config": {
        "default": "/"
      },
      "type": "plugin",
      "enableBy": "register",
      "time": {
        "hooks": {},
        "register": 0
      }
    },
    "virtual: config-analyze": {
      "id": "virtual: config-analyze",
      "key": "analyze",
      "config": {},
      "type": "plugin",
      "enableBy": "register",
      "time": {
        "hooks": {},
        "register": 0
      }
    },
    "virtual: config-writeToDisk": {
      "id": "virtual: config-writeToDisk",
      "key": "writeToDisk",
      "config": {},
      "type": "plugin",
      "enableBy": "register",
      "time": {
        "hooks": {},
        "register": 0
      }
    },
    "virtual: config-transformRuntime": {
      "id": "virtual: config-transformRuntime",
      "key": "transformRuntime",
      "config": {},
      "type": "plugin",
      "enableBy": "register",
      "time": {
        "hooks": {},
        "register": 0
      }
    },
    "virtual: config-theme": {
      "id": "virtual: config-theme",
      "key": "theme",
      "config": {},
      "type": "plugin",
      "enableBy": "register",
      "time": {
        "hooks": {},
        "register": 0
      }
    },
    "virtual: config-targets": {
      "id": "virtual: config-targets",
      "key": "targets",
      "config": {},
      "type": "plugin",
      "enableBy": "register",
      "time": {
        "hooks": {},
        "register": 0
      }
    },
    "virtual: config-svgr": {
      "id": "virtual: config-svgr",
      "key": "svgr",
      "config": {
        "default": {}
      },
      "type": "plugin",
      "enableBy": "register",
      "time": {
        "hooks": {},
        "register": 0
      }
    },
    "virtual: config-svgo": {
      "id": "virtual: config-svgo",
      "key": "svgo",
      "config": {},
      "type": "plugin",
      "enableBy": "register",
      "time": {
        "hooks": {},
        "register": 0
      }
    },
    "virtual: config-stylusLoader": {
      "id": "virtual: config-stylusLoader",
      "key": "stylusLoader",
      "config": {},
      "type": "plugin",
      "enableBy": "register",
      "time": {
        "hooks": {},
        "register": 0
      }
    },
    "virtual: config-styleLoader": {
      "id": "virtual: config-styleLoader",
      "key": "styleLoader",
      "config": {},
      "type": "plugin",
      "enableBy": "register",
      "time": {
        "hooks": {},
        "register": 0
      }
    },
    "virtual: config-srcTranspilerOptions": {
      "id": "virtual: config-srcTranspilerOptions",
      "key": "srcTranspilerOptions",
      "config": {},
      "type": "plugin",
      "enableBy": "register",
      "time": {
        "hooks": {},
        "register": 0
      }
    },
    "virtual: config-srcTranspiler": {
      "id": "virtual: config-srcTranspiler",
      "key": "srcTranspiler",
      "config": {},
      "type": "plugin",
      "enableBy": "register",
      "time": {
        "hooks": {},
        "register": 0
      }
    },
    "virtual: config-sassLoader": {
      "id": "virtual: config-sassLoader",
      "key": "sassLoader",
      "config": {},
      "type": "plugin",
      "enableBy": "register",
      "time": {
        "hooks": {},
        "register": 0
      }
    },
    "virtual: config-runtimePublicPath": {
      "id": "virtual: config-runtimePublicPath",
      "key": "runtimePublicPath",
      "config": {},
      "type": "plugin",
      "enableBy": "register",
      "time": {
        "hooks": {},
        "register": 0
      }
    },
    "virtual: config-purgeCSS": {
      "id": "virtual: config-purgeCSS",
      "key": "purgeCSS",
      "config": {},
      "type": "plugin",
      "enableBy": "register",
      "time": {
        "hooks": {},
        "register": 0
      }
    },
    "virtual: config-publicPath": {
      "id": "virtual: config-publicPath",
      "key": "publicPath",
      "config": {
        "default": "/"
      },
      "type": "plugin",
      "enableBy": "register",
      "time": {
        "hooks": {},
        "register": 0
      }
    },
    "virtual: config-proxy": {
      "id": "virtual: config-proxy",
      "key": "proxy",
      "config": {},
      "type": "plugin",
      "enableBy": "register",
      "time": {
        "hooks": {},
        "register": 0
      }
    },
    "virtual: config-postcssLoader": {
      "id": "virtual: config-postcssLoader",
      "key": "postcssLoader",
      "config": {},
      "type": "plugin",
      "enableBy": "register",
      "time": {
        "hooks": {},
        "register": 0
      }
    },
    "virtual: config-outputPath": {
      "id": "virtual: config-outputPath",
      "key": "outputPath",
      "config": {},
      "type": "plugin",
      "enableBy": "register",
      "time": {
        "hooks": {},
        "register": 0
      }
    },
    "virtual: config-normalCSSLoaderModules": {
      "id": "virtual: config-normalCSSLoaderModules",
      "key": "normalCSSLoaderModules",
      "config": {},
      "type": "plugin",
      "enableBy": "register",
      "time": {
        "hooks": {},
        "register": 0
      }
    },
    "virtual: config-mfsu": {
      "id": "virtual: config-mfsu",
      "key": "mfsu",
      "config": {
        "default": {
          "strategy": "eager"
        }
      },
      "type": "plugin",
      "enableBy": "register",
      "time": {
        "hooks": {},
        "register": 0
      }
    },
    "virtual: config-mdx": {
      "id": "virtual: config-mdx",
      "key": "mdx",
      "config": {},
      "type": "plugin",
      "enableBy": "register",
      "time": {
        "hooks": {},
        "register": 0
      }
    },
    "virtual: config-manifest": {
      "id": "virtual: config-manifest",
      "key": "manifest",
      "config": {},
      "type": "plugin",
      "enableBy": "register",
      "time": {
        "hooks": {},
        "register": 0
      }
    },
    "virtual: config-lessLoader": {
      "id": "virtual: config-lessLoader",
      "key": "lessLoader",
      "config": {},
      "type": "plugin",
      "enableBy": "register",
      "time": {
        "hooks": {},
        "register": 0
      }
    },
    "virtual: config-jsMinifierOptions": {
      "id": "virtual: config-jsMinifierOptions",
      "key": "jsMinifierOptions",
      "config": {},
      "type": "plugin",
      "enableBy": "register",
      "time": {
        "hooks": {},
        "register": 0
      }
    },
    "virtual: config-jsMinifier": {
      "id": "virtual: config-jsMinifier",
      "key": "jsMinifier",
      "config": {},
      "type": "plugin",
      "enableBy": "register",
      "time": {
        "hooks": {},
        "register": 0
      }
    },
    "virtual: config-inlineLimit": {
      "id": "virtual: config-inlineLimit",
      "key": "inlineLimit",
      "config": {},
      "type": "plugin",
      "enableBy": "register",
      "time": {
        "hooks": {},
        "register": 0
      }
    },
    "virtual: config-ignoreMomentLocale": {
      "id": "virtual: config-ignoreMomentLocale",
      "key": "ignoreMomentLocale",
      "config": {
        "default": true
      },
      "type": "plugin",
      "enableBy": "register",
      "time": {
        "hooks": {},
        "register": 0
      }
    },
    "virtual: config-https": {
      "id": "virtual: config-https",
      "key": "https",
      "config": {},
      "type": "plugin",
      "enableBy": "register",
      "time": {
        "hooks": {},
        "register": 0
      }
    },
    "virtual: config-hash": {
      "id": "virtual: config-hash",
      "key": "hash",
      "config": {},
      "type": "plugin",
      "enableBy": "register",
      "time": {
        "hooks": {},
        "register": 0
      }
    },
    "virtual: config-forkTSChecker": {
      "id": "virtual: config-forkTSChecker",
      "key": "forkTSChecker",
      "config": {},
      "type": "plugin",
      "enableBy": "register",
      "time": {
        "hooks": {},
        "register": 0
      }
    },
    "virtual: config-fastRefresh": {
      "id": "virtual: config-fastRefresh",
      "key": "fastRefresh",
      "config": {},
      "type": "plugin",
      "enableBy": "register",
      "time": {
        "hooks": {},
        "register": 0
      }
    },
    "virtual: config-extraPostCSSPlugins": {
      "id": "virtual: config-extraPostCSSPlugins",
      "key": "extraPostCSSPlugins",
      "config": {},
      "type": "plugin",
      "enableBy": "register",
      "time": {
        "hooks": {},
        "register": 0
      }
    },
    "virtual: config-extraBabelPresets": {
      "id": "virtual: config-extraBabelPresets",
      "key": "extraBabelPresets",
      "config": {},
      "type": "plugin",
      "enableBy": "register",
      "time": {
        "hooks": {},
        "register": 0
      }
    },
    "virtual: config-extraBabelPlugins": {
      "id": "virtual: config-extraBabelPlugins",
      "key": "extraBabelPlugins",
      "config": {},
      "type": "plugin",
      "enableBy": "register",
      "time": {
        "hooks": {},
        "register": 0
      }
    },
    "virtual: config-extraBabelIncludes": {
      "id": "virtual: config-extraBabelIncludes",
      "key": "extraBabelIncludes",
      "config": {},
      "type": "plugin",
      "enableBy": "register",
      "time": {
        "hooks": {},
        "register": 0
      }
    },
    "virtual: config-externals": {
      "id": "virtual: config-externals",
      "key": "externals",
      "config": {
        "default": {}
      },
      "type": "plugin",
      "enableBy": "register",
      "time": {
        "hooks": {},
        "register": 0
      }
    },
    "virtual: config-esm": {
      "id": "virtual: config-esm",
      "key": "esm",
      "config": {},
      "type": "plugin",
      "enableBy": "register",
      "time": {
        "hooks": {},
        "register": 0
      }
    },
    "virtual: config-devtool": {
      "id": "virtual: config-devtool",
      "key": "devtool",
      "config": {},
      "type": "plugin",
      "enableBy": "register",
      "time": {
        "hooks": {},
        "register": 0
      }
    },
    "virtual: config-depTranspiler": {
      "id": "virtual: config-depTranspiler",
      "key": "depTranspiler",
      "config": {},
      "type": "plugin",
      "enableBy": "register",
      "time": {
        "hooks": {},
        "register": 0
      }
    },
    "virtual: config-define": {
      "id": "virtual: config-define",
      "key": "define",
      "config": {},
      "type": "plugin",
      "enableBy": "register",
      "time": {
        "hooks": {},
        "register": 0
      }
    },
    "virtual: config-deadCode": {
      "id": "virtual: config-deadCode",
      "key": "deadCode",
      "config": {},
      "type": "plugin",
      "enableBy": "register",
      "time": {
        "hooks": {},
        "register": 0
      }
    },
    "virtual: config-cssPublicPath": {
      "id": "virtual: config-cssPublicPath",
      "key": "cssPublicPath",
      "config": {},
      "type": "plugin",
      "enableBy": "register",
      "time": {
        "hooks": {},
        "register": 0
      }
    },
    "virtual: config-cssMinifierOptions": {
      "id": "virtual: config-cssMinifierOptions",
      "key": "cssMinifierOptions",
      "config": {},
      "type": "plugin",
      "enableBy": "register",
      "time": {
        "hooks": {},
        "register": 0
      }
    },
    "virtual: config-cssMinifier": {
      "id": "virtual: config-cssMinifier",
      "key": "cssMinifier",
      "config": {},
      "type": "plugin",
      "enableBy": "register",
      "time": {
        "hooks": {},
        "register": 0
      }
    },
    "virtual: config-cssLoaderModules": {
      "id": "virtual: config-cssLoaderModules",
      "key": "cssLoaderModules",
      "config": {},
      "type": "plugin",
      "enableBy": "register",
      "time": {
        "hooks": {},
        "register": 0
      }
    },
    "virtual: config-cssLoader": {
      "id": "virtual: config-cssLoader",
      "key": "cssLoader",
      "config": {},
      "type": "plugin",
      "enableBy": "register",
      "time": {
        "hooks": {},
        "register": 0
      }
    },
    "virtual: config-copy": {
      "id": "virtual: config-copy",
      "key": "copy",
      "config": {},
      "type": "plugin",
      "enableBy": "register",
      "time": {
        "hooks": {},
        "register": 0
      }
    },
    "virtual: config-checkDepCssModules": {
      "id": "virtual: config-checkDepCssModules",
      "key": "checkDepCssModules",
      "config": {},
      "type": "plugin",
      "enableBy": "register",
      "time": {
        "hooks": {},
        "register": 0
      }
    },
    "virtual: config-chainWebpack": {
      "id": "virtual: config-chainWebpack",
      "key": "chainWebpack",
      "config": {},
      "type": "plugin",
      "enableBy": "register",
      "time": {
        "hooks": {},
        "register": 0
      }
    },
    "virtual: config-cacheDirectoryPath": {
      "id": "virtual: config-cacheDirectoryPath",
      "key": "cacheDirectoryPath",
      "config": {},
      "type": "plugin",
      "enableBy": "register",
      "time": {
        "hooks": {},
        "register": 0
      }
    },
    "virtual: config-babelLoaderCustomize": {
      "id": "virtual: config-babelLoaderCustomize",
      "key": "babelLoaderCustomize",
      "config": {},
      "type": "plugin",
      "enableBy": "register",
      "time": {
        "hooks": {},
        "register": 0
      }
    },
    "virtual: config-autoprefixer": {
      "id": "virtual: config-autoprefixer",
      "key": "autoprefixer",
      "config": {},
      "type": "plugin",
      "enableBy": "register",
      "time": {
        "hooks": {},
        "register": 0
      }
    },
    "virtual: config-autoCSSModules": {
      "id": "virtual: config-autoCSSModules",
      "key": "autoCSSModules",
      "config": {
        "default": true
      },
      "type": "plugin",
      "enableBy": "register",
      "time": {
        "hooks": {},
        "register": 0
      }
    },
    "virtual: config-alias": {
      "id": "virtual: config-alias",
      "key": "alias",
      "config": {
        "default": {
          "umi": "@@/exports",
          "react": "/Users/lvdengming/Program/repositories/umi-demo/node_modules/.pnpm/react@18.3.1/node_modules/react",
          "react-dom": "/Users/lvdengming/Program/repositories/umi-demo/node_modules/.pnpm/react-dom@18.3.1_react@18.3.1/node_modules/react-dom",
          "react-router": "/Users/lvdengming/Program/repositories/umi-demo/node_modules/.pnpm/react-router@6.3.0_react@18.3.1/node_modules/react-router",
          "react-router-dom": "/Users/lvdengming/Program/repositories/umi-demo/node_modules/.pnpm/react-router-dom@6.3.0_react-dom@18.3.1_react@18.3.1__react@18.3.1/node_modules/react-router-dom"
        }
      },
      "type": "plugin",
      "enableBy": "register",
      "time": {
        "hooks": {},
        "register": 0
      }
    },
    "./node_modules/.pnpm/@umijs+preset-umi@4.4.11_@types+node@24.0.3_@types+react@18.3.23_lightningcss@1.22.1_ro_ecdb4f6840b86c4f81529d2795a8fe11/node_modules/@umijs/preset-umi/dist/features/crossorigin/crossorigin": {
      "config": {},
      "time": {
        "hooks": {},
        "register": 1
      },
      "enableBy": "config",
      "type": "plugin",
      "path": "/Users/lvdengming/Program/repositories/umi-demo/node_modules/.pnpm/@umijs+preset-umi@4.4.11_@types+node@24.0.3_@types+react@18.3.23_lightningcss@1.22.1_ro_ecdb4f6840b86c4f81529d2795a8fe11/node_modules/@umijs/preset-umi/dist/features/crossorigin/crossorigin.js",
      "cwd": "/Users/lvdengming/Program/repositories/umi-demo",
      "id": "./node_modules/.pnpm/@umijs+preset-umi@4.4.11_@types+node@24.0.3_@types+react@18.3.23_lightningcss@1.22.1_ro_ecdb4f6840b86c4f81529d2795a8fe11/node_modules/@umijs/preset-umi/dist/features/crossorigin/crossorigin",
      "key": "crossorigin"
    },
    "./node_modules/.pnpm/@umijs+preset-umi@4.4.11_@types+node@24.0.3_@types+react@18.3.23_lightningcss@1.22.1_ro_ecdb4f6840b86c4f81529d2795a8fe11/node_modules/@umijs/preset-umi/dist/features/depsOnDemand/depsOnDemand": {
      "config": {},
      "time": {
        "hooks": {
          "onStart": [
            0
          ]
        },
        "register": 0
      },
      "enableBy": "register",
      "type": "plugin",
      "path": "/Users/lvdengming/Program/repositories/umi-demo/node_modules/.pnpm/@umijs+preset-umi@4.4.11_@types+node@24.0.3_@types+react@18.3.23_lightningcss@1.22.1_ro_ecdb4f6840b86c4f81529d2795a8fe11/node_modules/@umijs/preset-umi/dist/features/depsOnDemand/depsOnDemand.js",
      "cwd": "/Users/lvdengming/Program/repositories/umi-demo",
      "id": "./node_modules/.pnpm/@umijs+preset-umi@4.4.11_@types+node@24.0.3_@types+react@18.3.23_lightningcss@1.22.1_ro_ecdb4f6840b86c4f81529d2795a8fe11/node_modules/@umijs/preset-umi/dist/features/depsOnDemand/depsOnDemand",
      "key": "depsOnDemand"
    },
    "./node_modules/.pnpm/@umijs+preset-umi@4.4.11_@types+node@24.0.3_@types+react@18.3.23_lightningcss@1.22.1_ro_ecdb4f6840b86c4f81529d2795a8fe11/node_modules/@umijs/preset-umi/dist/features/devTool/devTool": {
      "config": {},
      "time": {
        "hooks": {},
        "register": 1
      },
      "enableBy": "register",
      "type": "plugin",
      "path": "/Users/lvdengming/Program/repositories/umi-demo/node_modules/.pnpm/@umijs+preset-umi@4.4.11_@types+node@24.0.3_@types+react@18.3.23_lightningcss@1.22.1_ro_ecdb4f6840b86c4f81529d2795a8fe11/node_modules/@umijs/preset-umi/dist/features/devTool/devTool.js",
      "cwd": "/Users/lvdengming/Program/repositories/umi-demo",
      "id": "./node_modules/.pnpm/@umijs+preset-umi@4.4.11_@types+node@24.0.3_@types+react@18.3.23_lightningcss@1.22.1_ro_ecdb4f6840b86c4f81529d2795a8fe11/node_modules/@umijs/preset-umi/dist/features/devTool/devTool",
      "key": "devTool"
    },
    "./node_modules/.pnpm/@umijs+preset-umi@4.4.11_@types+node@24.0.3_@types+react@18.3.23_lightningcss@1.22.1_ro_ecdb4f6840b86c4f81529d2795a8fe11/node_modules/@umijs/preset-umi/dist/features/esbuildHelperChecker/esbuildHelperChecker": {
      "config": {},
      "time": {
        "hooks": {},
        "register": 52
      },
      "enableBy": "register",
      "type": "plugin",
      "path": "/Users/lvdengming/Program/repositories/umi-demo/node_modules/.pnpm/@umijs+preset-umi@4.4.11_@types+node@24.0.3_@types+react@18.3.23_lightningcss@1.22.1_ro_ecdb4f6840b86c4f81529d2795a8fe11/node_modules/@umijs/preset-umi/dist/features/esbuildHelperChecker/esbuildHelperChecker.js",
      "cwd": "/Users/lvdengming/Program/repositories/umi-demo",
      "id": "./node_modules/.pnpm/@umijs+preset-umi@4.4.11_@types+node@24.0.3_@types+react@18.3.23_lightningcss@1.22.1_ro_ecdb4f6840b86c4f81529d2795a8fe11/node_modules/@umijs/preset-umi/dist/features/esbuildHelperChecker/esbuildHelperChecker",
      "key": "esbuildHelperChecker"
    },
    "./node_modules/.pnpm/@umijs+preset-umi@4.4.11_@types+node@24.0.3_@types+react@18.3.23_lightningcss@1.22.1_ro_ecdb4f6840b86c4f81529d2795a8fe11/node_modules/@umijs/preset-umi/dist/features/esmi/esmi": {
      "config": {},
      "time": {
        "hooks": {},
        "register": 48
      },
      "enableBy": "config",
      "type": "plugin",
      "path": "/Users/lvdengming/Program/repositories/umi-demo/node_modules/.pnpm/@umijs+preset-umi@4.4.11_@types+node@24.0.3_@types+react@18.3.23_lightningcss@1.22.1_ro_ecdb4f6840b86c4f81529d2795a8fe11/node_modules/@umijs/preset-umi/dist/features/esmi/esmi.js",
      "cwd": "/Users/lvdengming/Program/repositories/umi-demo",
      "id": "./node_modules/.pnpm/@umijs+preset-umi@4.4.11_@types+node@24.0.3_@types+react@18.3.23_lightningcss@1.22.1_ro_ecdb4f6840b86c4f81529d2795a8fe11/node_modules/@umijs/preset-umi/dist/features/esmi/esmi",
      "key": "esmi"
    },
    "./node_modules/.pnpm/@umijs+preset-umi@4.4.11_@types+node@24.0.3_@types+react@18.3.23_lightningcss@1.22.1_ro_ecdb4f6840b86c4f81529d2795a8fe11/node_modules/@umijs/preset-umi/dist/features/exportStatic/exportStatic": {
      "config": {},
      "time": {
        "hooks": {},
        "register": 7
      },
      "enableBy": "config",
      "type": "plugin",
      "path": "/Users/lvdengming/Program/repositories/umi-demo/node_modules/.pnpm/@umijs+preset-umi@4.4.11_@types+node@24.0.3_@types+react@18.3.23_lightningcss@1.22.1_ro_ecdb4f6840b86c4f81529d2795a8fe11/node_modules/@umijs/preset-umi/dist/features/exportStatic/exportStatic.js",
      "cwd": "/Users/lvdengming/Program/repositories/umi-demo",
      "id": "./node_modules/.pnpm/@umijs+preset-umi@4.4.11_@types+node@24.0.3_@types+react@18.3.23_lightningcss@1.22.1_ro_ecdb4f6840b86c4f81529d2795a8fe11/node_modules/@umijs/preset-umi/dist/features/exportStatic/exportStatic",
      "key": "exportStatic"
    },
    "./node_modules/.pnpm/@umijs+preset-umi@4.4.11_@types+node@24.0.3_@types+react@18.3.23_lightningcss@1.22.1_ro_ecdb4f6840b86c4f81529d2795a8fe11/node_modules/@umijs/preset-umi/dist/features/favicons/favicons": {
      "config": {},
      "time": {
        "hooks": {
          "modifyAppData": [
            0
          ]
        },
        "register": 0
      },
      "enableBy": "register",
      "type": "plugin",
      "path": "/Users/lvdengming/Program/repositories/umi-demo/node_modules/.pnpm/@umijs+preset-umi@4.4.11_@types+node@24.0.3_@types+react@18.3.23_lightningcss@1.22.1_ro_ecdb4f6840b86c4f81529d2795a8fe11/node_modules/@umijs/preset-umi/dist/features/favicons/favicons.js",
      "cwd": "/Users/lvdengming/Program/repositories/umi-demo",
      "id": "./node_modules/.pnpm/@umijs+preset-umi@4.4.11_@types+node@24.0.3_@types+react@18.3.23_lightningcss@1.22.1_ro_ecdb4f6840b86c4f81529d2795a8fe11/node_modules/@umijs/preset-umi/dist/features/favicons/favicons",
      "key": "favicons"
    },
    "./node_modules/.pnpm/@umijs+preset-umi@4.4.11_@types+node@24.0.3_@types+react@18.3.23_lightningcss@1.22.1_ro_ecdb4f6840b86c4f81529d2795a8fe11/node_modules/@umijs/preset-umi/dist/features/helmet/helmet": {
      "config": {},
      "time": {
        "hooks": {},
        "register": 1
      },
      "enableBy": "register",
      "type": "plugin",
      "path": "/Users/lvdengming/Program/repositories/umi-demo/node_modules/.pnpm/@umijs+preset-umi@4.4.11_@types+node@24.0.3_@types+react@18.3.23_lightningcss@1.22.1_ro_ecdb4f6840b86c4f81529d2795a8fe11/node_modules/@umijs/preset-umi/dist/features/helmet/helmet.js",
      "cwd": "/Users/lvdengming/Program/repositories/umi-demo",
      "id": "./node_modules/.pnpm/@umijs+preset-umi@4.4.11_@types+node@24.0.3_@types+react@18.3.23_lightningcss@1.22.1_ro_ecdb4f6840b86c4f81529d2795a8fe11/node_modules/@umijs/preset-umi/dist/features/helmet/helmet",
      "key": "helmet"
    },
    "./node_modules/.pnpm/@umijs+preset-umi@4.4.11_@types+node@24.0.3_@types+react@18.3.23_lightningcss@1.22.1_ro_ecdb4f6840b86c4f81529d2795a8fe11/node_modules/@umijs/preset-umi/dist/features/icons/icons": {
      "config": {},
      "time": {
        "hooks": {},
        "register": 2
      },
      "enableBy": "config",
      "type": "plugin",
      "path": "/Users/lvdengming/Program/repositories/umi-demo/node_modules/.pnpm/@umijs+preset-umi@4.4.11_@types+node@24.0.3_@types+react@18.3.23_lightningcss@1.22.1_ro_ecdb4f6840b86c4f81529d2795a8fe11/node_modules/@umijs/preset-umi/dist/features/icons/icons.js",
      "cwd": "/Users/lvdengming/Program/repositories/umi-demo",
      "id": "./node_modules/.pnpm/@umijs+preset-umi@4.4.11_@types+node@24.0.3_@types+react@18.3.23_lightningcss@1.22.1_ro_ecdb4f6840b86c4f81529d2795a8fe11/node_modules/@umijs/preset-umi/dist/features/icons/icons",
      "key": "icons"
    },
    "./node_modules/.pnpm/@umijs+preset-umi@4.4.11_@types+node@24.0.3_@types+react@18.3.23_lightningcss@1.22.1_ro_ecdb4f6840b86c4f81529d2795a8fe11/node_modules/@umijs/preset-umi/dist/features/mock/mock": {
      "config": {},
      "time": {
        "hooks": {},
        "register": 21
      },
      "type": "plugin",
      "path": "/Users/lvdengming/Program/repositories/umi-demo/node_modules/.pnpm/@umijs+preset-umi@4.4.11_@types+node@24.0.3_@types+react@18.3.23_lightningcss@1.22.1_ro_ecdb4f6840b86c4f81529d2795a8fe11/node_modules/@umijs/preset-umi/dist/features/mock/mock.js",
      "cwd": "/Users/lvdengming/Program/repositories/umi-demo",
      "id": "./node_modules/.pnpm/@umijs+preset-umi@4.4.11_@types+node@24.0.3_@types+react@18.3.23_lightningcss@1.22.1_ro_ecdb4f6840b86c4f81529d2795a8fe11/node_modules/@umijs/preset-umi/dist/features/mock/mock",
      "key": "mock"
    },
    "./node_modules/.pnpm/@umijs+preset-umi@4.4.11_@types+node@24.0.3_@types+react@18.3.23_lightningcss@1.22.1_ro_ecdb4f6840b86c4f81529d2795a8fe11/node_modules/@umijs/preset-umi/dist/features/mpa/mpa": {
      "config": {},
      "time": {
        "hooks": {},
        "register": 1
      },
      "enableBy": "config",
      "type": "plugin",
      "path": "/Users/lvdengming/Program/repositories/umi-demo/node_modules/.pnpm/@umijs+preset-umi@4.4.11_@types+node@24.0.3_@types+react@18.3.23_lightningcss@1.22.1_ro_ecdb4f6840b86c4f81529d2795a8fe11/node_modules/@umijs/preset-umi/dist/features/mpa/mpa.js",
      "cwd": "/Users/lvdengming/Program/repositories/umi-demo",
      "id": "./node_modules/.pnpm/@umijs+preset-umi@4.4.11_@types+node@24.0.3_@types+react@18.3.23_lightningcss@1.22.1_ro_ecdb4f6840b86c4f81529d2795a8fe11/node_modules/@umijs/preset-umi/dist/features/mpa/mpa",
      "key": "mpa"
    },
    "./node_modules/.pnpm/@umijs+preset-umi@4.4.11_@types+node@24.0.3_@types+react@18.3.23_lightningcss@1.22.1_ro_ecdb4f6840b86c4f81529d2795a8fe11/node_modules/@umijs/preset-umi/dist/features/okam/okam": {
      "config": {},
      "time": {
        "hooks": {},
        "register": 0
      },
      "type": "plugin",
      "path": "/Users/lvdengming/Program/repositories/umi-demo/node_modules/.pnpm/@umijs+preset-umi@4.4.11_@types+node@24.0.3_@types+react@18.3.23_lightningcss@1.22.1_ro_ecdb4f6840b86c4f81529d2795a8fe11/node_modules/@umijs/preset-umi/dist/features/okam/okam.js",
      "cwd": "/Users/lvdengming/Program/repositories/umi-demo",
      "id": "./node_modules/.pnpm/@umijs+preset-umi@4.4.11_@types+node@24.0.3_@types+react@18.3.23_lightningcss@1.22.1_ro_ecdb4f6840b86c4f81529d2795a8fe11/node_modules/@umijs/preset-umi/dist/features/okam/okam",
      "key": "okam"
    },
    "./node_modules/.pnpm/@umijs+preset-umi@4.4.11_@types+node@24.0.3_@types+react@18.3.23_lightningcss@1.22.1_ro_ecdb4f6840b86c4f81529d2795a8fe11/node_modules/@umijs/preset-umi/dist/features/overrides/overrides": {
      "config": {},
      "time": {
        "hooks": {},
        "register": 0
      },
      "enableBy": "register",
      "type": "plugin",
      "path": "/Users/lvdengming/Program/repositories/umi-demo/node_modules/.pnpm/@umijs+preset-umi@4.4.11_@types+node@24.0.3_@types+react@18.3.23_lightningcss@1.22.1_ro_ecdb4f6840b86c4f81529d2795a8fe11/node_modules/@umijs/preset-umi/dist/features/overrides/overrides.js",
      "cwd": "/Users/lvdengming/Program/repositories/umi-demo",
      "id": "./node_modules/.pnpm/@umijs+preset-umi@4.4.11_@types+node@24.0.3_@types+react@18.3.23_lightningcss@1.22.1_ro_ecdb4f6840b86c4f81529d2795a8fe11/node_modules/@umijs/preset-umi/dist/features/overrides/overrides",
      "key": "overrides"
    },
    "./node_modules/.pnpm/@umijs+preset-umi@4.4.11_@types+node@24.0.3_@types+react@18.3.23_lightningcss@1.22.1_ro_ecdb4f6840b86c4f81529d2795a8fe11/node_modules/@umijs/preset-umi/dist/features/phantomDependency/phantomDependency": {
      "config": {},
      "time": {
        "hooks": {},
        "register": 1
      },
      "enableBy": "config",
      "type": "plugin",
      "path": "/Users/lvdengming/Program/repositories/umi-demo/node_modules/.pnpm/@umijs+preset-umi@4.4.11_@types+node@24.0.3_@types+react@18.3.23_lightningcss@1.22.1_ro_ecdb4f6840b86c4f81529d2795a8fe11/node_modules/@umijs/preset-umi/dist/features/phantomDependency/phantomDependency.js",
      "cwd": "/Users/lvdengming/Program/repositories/umi-demo",
      "id": "./node_modules/.pnpm/@umijs+preset-umi@4.4.11_@types+node@24.0.3_@types+react@18.3.23_lightningcss@1.22.1_ro_ecdb4f6840b86c4f81529d2795a8fe11/node_modules/@umijs/preset-umi/dist/features/phantomDependency/phantomDependency",
      "key": "phantomDependency"
    },
    "./node_modules/.pnpm/@umijs+preset-umi@4.4.11_@types+node@24.0.3_@types+react@18.3.23_lightningcss@1.22.1_ro_ecdb4f6840b86c4f81529d2795a8fe11/node_modules/@umijs/preset-umi/dist/features/polyfill/polyfill": {
      "config": {},
      "time": {
        "hooks": {
          "modifyConfig": [
            0
          ]
        },
        "register": 0
      },
      "type": "plugin",
      "path": "/Users/lvdengming/Program/repositories/umi-demo/node_modules/.pnpm/@umijs+preset-umi@4.4.11_@types+node@24.0.3_@types+react@18.3.23_lightningcss@1.22.1_ro_ecdb4f6840b86c4f81529d2795a8fe11/node_modules/@umijs/preset-umi/dist/features/polyfill/polyfill.js",
      "cwd": "/Users/lvdengming/Program/repositories/umi-demo",
      "id": "./node_modules/.pnpm/@umijs+preset-umi@4.4.11_@types+node@24.0.3_@types+react@18.3.23_lightningcss@1.22.1_ro_ecdb4f6840b86c4f81529d2795a8fe11/node_modules/@umijs/preset-umi/dist/features/polyfill/polyfill",
      "key": "polyfill"
    },
    "./node_modules/.pnpm/@umijs+preset-umi@4.4.11_@types+node@24.0.3_@types+react@18.3.23_lightningcss@1.22.1_ro_ecdb4f6840b86c4f81529d2795a8fe11/node_modules/@umijs/preset-umi/dist/features/polyfill/publicPathPolyfill": {
      "config": {},
      "time": {
        "hooks": {},
        "register": 1
      },
      "enableBy": "register",
      "type": "plugin",
      "path": "/Users/lvdengming/Program/repositories/umi-demo/node_modules/.pnpm/@umijs+preset-umi@4.4.11_@types+node@24.0.3_@types+react@18.3.23_lightningcss@1.22.1_ro_ecdb4f6840b86c4f81529d2795a8fe11/node_modules/@umijs/preset-umi/dist/features/polyfill/publicPathPolyfill.js",
      "cwd": "/Users/lvdengming/Program/repositories/umi-demo",
      "id": "./node_modules/.pnpm/@umijs+preset-umi@4.4.11_@types+node@24.0.3_@types+react@18.3.23_lightningcss@1.22.1_ro_ecdb4f6840b86c4f81529d2795a8fe11/node_modules/@umijs/preset-umi/dist/features/polyfill/publicPathPolyfill",
      "key": "publicPathPolyfill"
    },
    "./node_modules/.pnpm/@umijs+preset-umi@4.4.11_@types+node@24.0.3_@types+react@18.3.23_lightningcss@1.22.1_ro_ecdb4f6840b86c4f81529d2795a8fe11/node_modules/@umijs/preset-umi/dist/features/prepare/prepare": {
      "config": {},
      "time": {
        "hooks": {},
        "register": 0
      },
      "enableBy": "register",
      "type": "plugin",
      "path": "/Users/lvdengming/Program/repositories/umi-demo/node_modules/.pnpm/@umijs+preset-umi@4.4.11_@types+node@24.0.3_@types+react@18.3.23_lightningcss@1.22.1_ro_ecdb4f6840b86c4f81529d2795a8fe11/node_modules/@umijs/preset-umi/dist/features/prepare/prepare.js",
      "cwd": "/Users/lvdengming/Program/repositories/umi-demo",
      "id": "./node_modules/.pnpm/@umijs+preset-umi@4.4.11_@types+node@24.0.3_@types+react@18.3.23_lightningcss@1.22.1_ro_ecdb4f6840b86c4f81529d2795a8fe11/node_modules/@umijs/preset-umi/dist/features/prepare/prepare",
      "key": "prepare"
    },
    "./node_modules/.pnpm/@umijs+preset-umi@4.4.11_@types+node@24.0.3_@types+react@18.3.23_lightningcss@1.22.1_ro_ecdb4f6840b86c4f81529d2795a8fe11/node_modules/@umijs/preset-umi/dist/features/routePrefetch/routePrefetch": {
      "config": {},
      "time": {
        "hooks": {},
        "register": 0
      },
      "enableBy": "config",
      "type": "plugin",
      "path": "/Users/lvdengming/Program/repositories/umi-demo/node_modules/.pnpm/@umijs+preset-umi@4.4.11_@types+node@24.0.3_@types+react@18.3.23_lightningcss@1.22.1_ro_ecdb4f6840b86c4f81529d2795a8fe11/node_modules/@umijs/preset-umi/dist/features/routePrefetch/routePrefetch.js",
      "cwd": "/Users/lvdengming/Program/repositories/umi-demo",
      "id": "./node_modules/.pnpm/@umijs+preset-umi@4.4.11_@types+node@24.0.3_@types+react@18.3.23_lightningcss@1.22.1_ro_ecdb4f6840b86c4f81529d2795a8fe11/node_modules/@umijs/preset-umi/dist/features/routePrefetch/routePrefetch",
      "key": "routePrefetch"
    },
    "./node_modules/.pnpm/@umijs+preset-umi@4.4.11_@types+node@24.0.3_@types+react@18.3.23_lightningcss@1.22.1_ro_ecdb4f6840b86c4f81529d2795a8fe11/node_modules/@umijs/preset-umi/dist/features/terminal/terminal": {
      "config": {},
      "time": {
        "hooks": {},
        "register": 1
      },
      "enableBy": "register",
      "type": "plugin",
      "path": "/Users/lvdengming/Program/repositories/umi-demo/node_modules/.pnpm/@umijs+preset-umi@4.4.11_@types+node@24.0.3_@types+react@18.3.23_lightningcss@1.22.1_ro_ecdb4f6840b86c4f81529d2795a8fe11/node_modules/@umijs/preset-umi/dist/features/terminal/terminal.js",
      "cwd": "/Users/lvdengming/Program/repositories/umi-demo",
      "id": "./node_modules/.pnpm/@umijs+preset-umi@4.4.11_@types+node@24.0.3_@types+react@18.3.23_lightningcss@1.22.1_ro_ecdb4f6840b86c4f81529d2795a8fe11/node_modules/@umijs/preset-umi/dist/features/terminal/terminal",
      "key": "terminal"
    },
    "./node_modules/.pnpm/@umijs+preset-umi@4.4.11_@types+node@24.0.3_@types+react@18.3.23_lightningcss@1.22.1_ro_ecdb4f6840b86c4f81529d2795a8fe11/node_modules/@umijs/preset-umi/dist/features/tmpFiles/tmpFiles": {
      "config": {},
      "time": {
        "hooks": {},
        "register": 2
      },
      "enableBy": "register",
      "type": "plugin",
      "path": "/Users/lvdengming/Program/repositories/umi-demo/node_modules/.pnpm/@umijs+preset-umi@4.4.11_@types+node@24.0.3_@types+react@18.3.23_lightningcss@1.22.1_ro_ecdb4f6840b86c4f81529d2795a8fe11/node_modules/@umijs/preset-umi/dist/features/tmpFiles/tmpFiles.js",
      "cwd": "/Users/lvdengming/Program/repositories/umi-demo",
      "id": "./node_modules/.pnpm/@umijs+preset-umi@4.4.11_@types+node@24.0.3_@types+react@18.3.23_lightningcss@1.22.1_ro_ecdb4f6840b86c4f81529d2795a8fe11/node_modules/@umijs/preset-umi/dist/features/tmpFiles/tmpFiles",
      "key": "tmpFiles"
    },
    "./node_modules/.pnpm/@umijs+preset-umi@4.4.11_@types+node@24.0.3_@types+react@18.3.23_lightningcss@1.22.1_ro_ecdb4f6840b86c4f81529d2795a8fe11/node_modules/@umijs/preset-umi/dist/features/clientLoader/clientLoader": {
      "config": {},
      "time": {
        "hooks": {},
        "register": 0
      },
      "enableBy": "config",
      "type": "plugin",
      "path": "/Users/lvdengming/Program/repositories/umi-demo/node_modules/.pnpm/@umijs+preset-umi@4.4.11_@types+node@24.0.3_@types+react@18.3.23_lightningcss@1.22.1_ro_ecdb4f6840b86c4f81529d2795a8fe11/node_modules/@umijs/preset-umi/dist/features/clientLoader/clientLoader.js",
      "cwd": "/Users/lvdengming/Program/repositories/umi-demo",
      "id": "./node_modules/.pnpm/@umijs+preset-umi@4.4.11_@types+node@24.0.3_@types+react@18.3.23_lightningcss@1.22.1_ro_ecdb4f6840b86c4f81529d2795a8fe11/node_modules/@umijs/preset-umi/dist/features/clientLoader/clientLoader",
      "key": "clientLoader"
    },
    "./node_modules/.pnpm/@umijs+preset-umi@4.4.11_@types+node@24.0.3_@types+react@18.3.23_lightningcss@1.22.1_ro_ecdb4f6840b86c4f81529d2795a8fe11/node_modules/@umijs/preset-umi/dist/features/routeProps/routeProps": {
      "config": {},
      "time": {
        "hooks": {},
        "register": 1
      },
      "type": "plugin",
      "path": "/Users/lvdengming/Program/repositories/umi-demo/node_modules/.pnpm/@umijs+preset-umi@4.4.11_@types+node@24.0.3_@types+react@18.3.23_lightningcss@1.22.1_ro_ecdb4f6840b86c4f81529d2795a8fe11/node_modules/@umijs/preset-umi/dist/features/routeProps/routeProps.js",
      "cwd": "/Users/lvdengming/Program/repositories/umi-demo",
      "id": "./node_modules/.pnpm/@umijs+preset-umi@4.4.11_@types+node@24.0.3_@types+react@18.3.23_lightningcss@1.22.1_ro_ecdb4f6840b86c4f81529d2795a8fe11/node_modules/@umijs/preset-umi/dist/features/routeProps/routeProps",
      "key": "routeProps"
    },
    "./node_modules/.pnpm/@umijs+preset-umi@4.4.11_@types+node@24.0.3_@types+react@18.3.23_lightningcss@1.22.1_ro_ecdb4f6840b86c4f81529d2795a8fe11/node_modules/@umijs/preset-umi/dist/features/ssr/ssr": {
      "config": {},
      "time": {
        "hooks": {},
        "register": 1
      },
      "enableBy": "config",
      "type": "plugin",
      "path": "/Users/lvdengming/Program/repositories/umi-demo/node_modules/.pnpm/@umijs+preset-umi@4.4.11_@types+node@24.0.3_@types+react@18.3.23_lightningcss@1.22.1_ro_ecdb4f6840b86c4f81529d2795a8fe11/node_modules/@umijs/preset-umi/dist/features/ssr/ssr.js",
      "cwd": "/Users/lvdengming/Program/repositories/umi-demo",
      "id": "./node_modules/.pnpm/@umijs+preset-umi@4.4.11_@types+node@24.0.3_@types+react@18.3.23_lightningcss@1.22.1_ro_ecdb4f6840b86c4f81529d2795a8fe11/node_modules/@umijs/preset-umi/dist/features/ssr/ssr",
      "key": "ssr"
    },
    "./node_modules/.pnpm/@umijs+preset-umi@4.4.11_@types+node@24.0.3_@types+react@18.3.23_lightningcss@1.22.1_ro_ecdb4f6840b86c4f81529d2795a8fe11/node_modules/@umijs/preset-umi/dist/features/tmpFiles/configTypes": {
      "config": {},
      "time": {
        "hooks": {},
        "register": 1
      },
      "enableBy": "register",
      "type": "plugin",
      "path": "/Users/lvdengming/Program/repositories/umi-demo/node_modules/.pnpm/@umijs+preset-umi@4.4.11_@types+node@24.0.3_@types+react@18.3.23_lightningcss@1.22.1_ro_ecdb4f6840b86c4f81529d2795a8fe11/node_modules/@umijs/preset-umi/dist/features/tmpFiles/configTypes.js",
      "cwd": "/Users/lvdengming/Program/repositories/umi-demo",
      "id": "./node_modules/.pnpm/@umijs+preset-umi@4.4.11_@types+node@24.0.3_@types+react@18.3.23_lightningcss@1.22.1_ro_ecdb4f6840b86c4f81529d2795a8fe11/node_modules/@umijs/preset-umi/dist/features/tmpFiles/configTypes",
      "key": "configTypes"
    },
    "./node_modules/.pnpm/@umijs+preset-umi@4.4.11_@types+node@24.0.3_@types+react@18.3.23_lightningcss@1.22.1_ro_ecdb4f6840b86c4f81529d2795a8fe11/node_modules/@umijs/preset-umi/dist/features/transform/transform": {
      "config": {},
      "time": {
        "hooks": {},
        "register": 2
      },
      "enableBy": "register",
      "type": "plugin",
      "path": "/Users/lvdengming/Program/repositories/umi-demo/node_modules/.pnpm/@umijs+preset-umi@4.4.11_@types+node@24.0.3_@types+react@18.3.23_lightningcss@1.22.1_ro_ecdb4f6840b86c4f81529d2795a8fe11/node_modules/@umijs/preset-umi/dist/features/transform/transform.js",
      "cwd": "/Users/lvdengming/Program/repositories/umi-demo",
      "id": "./node_modules/.pnpm/@umijs+preset-umi@4.4.11_@types+node@24.0.3_@types+react@18.3.23_lightningcss@1.22.1_ro_ecdb4f6840b86c4f81529d2795a8fe11/node_modules/@umijs/preset-umi/dist/features/transform/transform",
      "key": "transform"
    },
    "./node_modules/.pnpm/@umijs+preset-umi@4.4.11_@types+node@24.0.3_@types+react@18.3.23_lightningcss@1.22.1_ro_ecdb4f6840b86c4f81529d2795a8fe11/node_modules/@umijs/preset-umi/dist/features/lowImport/lowImport": {
      "config": {},
      "time": {
        "hooks": {},
        "register": 1
      },
      "enableBy": "config",
      "type": "plugin",
      "path": "/Users/lvdengming/Program/repositories/umi-demo/node_modules/.pnpm/@umijs+preset-umi@4.4.11_@types+node@24.0.3_@types+react@18.3.23_lightningcss@1.22.1_ro_ecdb4f6840b86c4f81529d2795a8fe11/node_modules/@umijs/preset-umi/dist/features/lowImport/lowImport.js",
      "cwd": "/Users/lvdengming/Program/repositories/umi-demo",
      "id": "./node_modules/.pnpm/@umijs+preset-umi@4.4.11_@types+node@24.0.3_@types+react@18.3.23_lightningcss@1.22.1_ro_ecdb4f6840b86c4f81529d2795a8fe11/node_modules/@umijs/preset-umi/dist/features/lowImport/lowImport",
      "key": "lowImport"
    },
    "./node_modules/.pnpm/@umijs+preset-umi@4.4.11_@types+node@24.0.3_@types+react@18.3.23_lightningcss@1.22.1_ro_ecdb4f6840b86c4f81529d2795a8fe11/node_modules/@umijs/preset-umi/dist/features/vite/vite": {
      "config": {},
      "time": {
        "hooks": {},
        "register": 1
      },
      "enableBy": "config",
      "type": "plugin",
      "path": "/Users/lvdengming/Program/repositories/umi-demo/node_modules/.pnpm/@umijs+preset-umi@4.4.11_@types+node@24.0.3_@types+react@18.3.23_lightningcss@1.22.1_ro_ecdb4f6840b86c4f81529d2795a8fe11/node_modules/@umijs/preset-umi/dist/features/vite/vite.js",
      "cwd": "/Users/lvdengming/Program/repositories/umi-demo",
      "id": "./node_modules/.pnpm/@umijs+preset-umi@4.4.11_@types+node@24.0.3_@types+react@18.3.23_lightningcss@1.22.1_ro_ecdb4f6840b86c4f81529d2795a8fe11/node_modules/@umijs/preset-umi/dist/features/vite/vite",
      "key": "vite"
    },
    "./node_modules/.pnpm/@umijs+preset-umi@4.4.11_@types+node@24.0.3_@types+react@18.3.23_lightningcss@1.22.1_ro_ecdb4f6840b86c4f81529d2795a8fe11/node_modules/@umijs/preset-umi/dist/features/apiRoute/apiRoute": {
      "config": {},
      "time": {
        "hooks": {},
        "register": 2
      },
      "type": "plugin",
      "path": "/Users/lvdengming/Program/repositories/umi-demo/node_modules/.pnpm/@umijs+preset-umi@4.4.11_@types+node@24.0.3_@types+react@18.3.23_lightningcss@1.22.1_ro_ecdb4f6840b86c4f81529d2795a8fe11/node_modules/@umijs/preset-umi/dist/features/apiRoute/apiRoute.js",
      "cwd": "/Users/lvdengming/Program/repositories/umi-demo",
      "id": "./node_modules/.pnpm/@umijs+preset-umi@4.4.11_@types+node@24.0.3_@types+react@18.3.23_lightningcss@1.22.1_ro_ecdb4f6840b86c4f81529d2795a8fe11/node_modules/@umijs/preset-umi/dist/features/apiRoute/apiRoute",
      "key": "apiRoute"
    },
    "./node_modules/.pnpm/@umijs+preset-umi@4.4.11_@types+node@24.0.3_@types+react@18.3.23_lightningcss@1.22.1_ro_ecdb4f6840b86c4f81529d2795a8fe11/node_modules/@umijs/preset-umi/dist/features/monorepo/redirect": {
      "config": {},
      "time": {
        "hooks": {},
        "register": 13
      },
      "enableBy": "config",
      "type": "plugin",
      "path": "/Users/lvdengming/Program/repositories/umi-demo/node_modules/.pnpm/@umijs+preset-umi@4.4.11_@types+node@24.0.3_@types+react@18.3.23_lightningcss@1.22.1_ro_ecdb4f6840b86c4f81529d2795a8fe11/node_modules/@umijs/preset-umi/dist/features/monorepo/redirect.js",
      "cwd": "/Users/lvdengming/Program/repositories/umi-demo",
      "id": "./node_modules/.pnpm/@umijs+preset-umi@4.4.11_@types+node@24.0.3_@types+react@18.3.23_lightningcss@1.22.1_ro_ecdb4f6840b86c4f81529d2795a8fe11/node_modules/@umijs/preset-umi/dist/features/monorepo/redirect",
      "key": "monorepoRedirect"
    },
    "./node_modules/.pnpm/@umijs+preset-umi@4.4.11_@types+node@24.0.3_@types+react@18.3.23_lightningcss@1.22.1_ro_ecdb4f6840b86c4f81529d2795a8fe11/node_modules/@umijs/preset-umi/dist/features/test/test": {
      "config": {},
      "time": {
        "hooks": {},
        "register": 1
      },
      "type": "plugin",
      "path": "/Users/lvdengming/Program/repositories/umi-demo/node_modules/.pnpm/@umijs+preset-umi@4.4.11_@types+node@24.0.3_@types+react@18.3.23_lightningcss@1.22.1_ro_ecdb4f6840b86c4f81529d2795a8fe11/node_modules/@umijs/preset-umi/dist/features/test/test.js",
      "cwd": "/Users/lvdengming/Program/repositories/umi-demo",
      "id": "./node_modules/.pnpm/@umijs+preset-umi@4.4.11_@types+node@24.0.3_@types+react@18.3.23_lightningcss@1.22.1_ro_ecdb4f6840b86c4f81529d2795a8fe11/node_modules/@umijs/preset-umi/dist/features/test/test",
      "key": "test"
    },
    "./node_modules/.pnpm/@umijs+preset-umi@4.4.11_@types+node@24.0.3_@types+react@18.3.23_lightningcss@1.22.1_ro_ecdb4f6840b86c4f81529d2795a8fe11/node_modules/@umijs/preset-umi/dist/features/clickToComponent/clickToComponent": {
      "config": {},
      "time": {
        "hooks": {},
        "register": 0
      },
      "type": "plugin",
      "path": "/Users/lvdengming/Program/repositories/umi-demo/node_modules/.pnpm/@umijs+preset-umi@4.4.11_@types+node@24.0.3_@types+react@18.3.23_lightningcss@1.22.1_ro_ecdb4f6840b86c4f81529d2795a8fe11/node_modules/@umijs/preset-umi/dist/features/clickToComponent/clickToComponent.js",
      "cwd": "/Users/lvdengming/Program/repositories/umi-demo",
      "id": "./node_modules/.pnpm/@umijs+preset-umi@4.4.11_@types+node@24.0.3_@types+react@18.3.23_lightningcss@1.22.1_ro_ecdb4f6840b86c4f81529d2795a8fe11/node_modules/@umijs/preset-umi/dist/features/clickToComponent/clickToComponent",
      "key": "clickToComponent"
    },
    "./node_modules/.pnpm/@umijs+preset-umi@4.4.11_@types+node@24.0.3_@types+react@18.3.23_lightningcss@1.22.1_ro_ecdb4f6840b86c4f81529d2795a8fe11/node_modules/@umijs/preset-umi/dist/features/legacy/legacy": {
      "config": {},
      "time": {
        "hooks": {},
        "register": 1
      },
      "enableBy": "config",
      "type": "plugin",
      "path": "/Users/lvdengming/Program/repositories/umi-demo/node_modules/.pnpm/@umijs+preset-umi@4.4.11_@types+node@24.0.3_@types+react@18.3.23_lightningcss@1.22.1_ro_ecdb4f6840b86c4f81529d2795a8fe11/node_modules/@umijs/preset-umi/dist/features/legacy/legacy.js",
      "cwd": "/Users/lvdengming/Program/repositories/umi-demo",
      "id": "./node_modules/.pnpm/@umijs+preset-umi@4.4.11_@types+node@24.0.3_@types+react@18.3.23_lightningcss@1.22.1_ro_ecdb4f6840b86c4f81529d2795a8fe11/node_modules/@umijs/preset-umi/dist/features/legacy/legacy",
      "key": "legacy"
    },
    "./node_modules/.pnpm/@umijs+preset-umi@4.4.11_@types+node@24.0.3_@types+react@18.3.23_lightningcss@1.22.1_ro_ecdb4f6840b86c4f81529d2795a8fe11/node_modules/@umijs/preset-umi/dist/features/classPropertiesLoose/classPropertiesLoose": {
      "config": {},
      "time": {
        "hooks": {},
        "register": 0
      },
      "enableBy": "config",
      "type": "plugin",
      "path": "/Users/lvdengming/Program/repositories/umi-demo/node_modules/.pnpm/@umijs+preset-umi@4.4.11_@types+node@24.0.3_@types+react@18.3.23_lightningcss@1.22.1_ro_ecdb4f6840b86c4f81529d2795a8fe11/node_modules/@umijs/preset-umi/dist/features/classPropertiesLoose/classPropertiesLoose.js",
      "cwd": "/Users/lvdengming/Program/repositories/umi-demo",
      "id": "./node_modules/.pnpm/@umijs+preset-umi@4.4.11_@types+node@24.0.3_@types+react@18.3.23_lightningcss@1.22.1_ro_ecdb4f6840b86c4f81529d2795a8fe11/node_modules/@umijs/preset-umi/dist/features/classPropertiesLoose/classPropertiesLoose",
      "key": "classPropertiesLoose"
    },
    "./node_modules/.pnpm/@umijs+preset-umi@4.4.11_@types+node@24.0.3_@types+react@18.3.23_lightningcss@1.22.1_ro_ecdb4f6840b86c4f81529d2795a8fe11/node_modules/@umijs/preset-umi/dist/features/webpack/webpack": {
      "config": {},
      "time": {
        "hooks": {},
        "register": 1
      },
      "type": "plugin",
      "path": "/Users/lvdengming/Program/repositories/umi-demo/node_modules/.pnpm/@umijs+preset-umi@4.4.11_@types+node@24.0.3_@types+react@18.3.23_lightningcss@1.22.1_ro_ecdb4f6840b86c4f81529d2795a8fe11/node_modules/@umijs/preset-umi/dist/features/webpack/webpack.js",
      "cwd": "/Users/lvdengming/Program/repositories/umi-demo",
      "id": "./node_modules/.pnpm/@umijs+preset-umi@4.4.11_@types+node@24.0.3_@types+react@18.3.23_lightningcss@1.22.1_ro_ecdb4f6840b86c4f81529d2795a8fe11/node_modules/@umijs/preset-umi/dist/features/webpack/webpack",
      "key": "preset-umi:webpack"
    },
    "./node_modules/.pnpm/@umijs+preset-umi@4.4.11_@types+node@24.0.3_@types+react@18.3.23_lightningcss@1.22.1_ro_ecdb4f6840b86c4f81529d2795a8fe11/node_modules/@umijs/preset-umi/dist/features/swc/swc": {
      "config": {},
      "time": {
        "hooks": {
          "addOnDemandDeps": [
            0
          ]
        },
        "register": 0
      },
      "enableBy": "register",
      "type": "plugin",
      "path": "/Users/lvdengming/Program/repositories/umi-demo/node_modules/.pnpm/@umijs+preset-umi@4.4.11_@types+node@24.0.3_@types+react@18.3.23_lightningcss@1.22.1_ro_ecdb4f6840b86c4f81529d2795a8fe11/node_modules/@umijs/preset-umi/dist/features/swc/swc.js",
      "cwd": "/Users/lvdengming/Program/repositories/umi-demo",
      "id": "./node_modules/.pnpm/@umijs+preset-umi@4.4.11_@types+node@24.0.3_@types+react@18.3.23_lightningcss@1.22.1_ro_ecdb4f6840b86c4f81529d2795a8fe11/node_modules/@umijs/preset-umi/dist/features/swc/swc",
      "key": "swc"
    },
    "./node_modules/.pnpm/@umijs+preset-umi@4.4.11_@types+node@24.0.3_@types+react@18.3.23_lightningcss@1.22.1_ro_ecdb4f6840b86c4f81529d2795a8fe11/node_modules/@umijs/preset-umi/dist/features/ui/ui": {
      "config": {},
      "time": {
        "hooks": {},
        "register": 2
      },
      "type": "plugin",
      "path": "/Users/lvdengming/Program/repositories/umi-demo/node_modules/.pnpm/@umijs+preset-umi@4.4.11_@types+node@24.0.3_@types+react@18.3.23_lightningcss@1.22.1_ro_ecdb4f6840b86c4f81529d2795a8fe11/node_modules/@umijs/preset-umi/dist/features/ui/ui.js",
      "cwd": "/Users/lvdengming/Program/repositories/umi-demo",
      "id": "./node_modules/.pnpm/@umijs+preset-umi@4.4.11_@types+node@24.0.3_@types+react@18.3.23_lightningcss@1.22.1_ro_ecdb4f6840b86c4f81529d2795a8fe11/node_modules/@umijs/preset-umi/dist/features/ui/ui",
      "key": "ui"
    },
    "./node_modules/.pnpm/@umijs+preset-umi@4.4.11_@types+node@24.0.3_@types+react@18.3.23_lightningcss@1.22.1_ro_ecdb4f6840b86c4f81529d2795a8fe11/node_modules/@umijs/preset-umi/dist/features/mako/mako": {
      "config": {},
      "time": {
        "hooks": {},
        "register": 0
      },
      "enableBy": "config",
      "type": "plugin",
      "path": "/Users/lvdengming/Program/repositories/umi-demo/node_modules/.pnpm/@umijs+preset-umi@4.4.11_@types+node@24.0.3_@types+react@18.3.23_lightningcss@1.22.1_ro_ecdb4f6840b86c4f81529d2795a8fe11/node_modules/@umijs/preset-umi/dist/features/mako/mako.js",
      "cwd": "/Users/lvdengming/Program/repositories/umi-demo",
      "id": "./node_modules/.pnpm/@umijs+preset-umi@4.4.11_@types+node@24.0.3_@types+react@18.3.23_lightningcss@1.22.1_ro_ecdb4f6840b86c4f81529d2795a8fe11/node_modules/@umijs/preset-umi/dist/features/mako/mako",
      "key": "mako"
    },
    "./node_modules/.pnpm/@umijs+preset-umi@4.4.11_@types+node@24.0.3_@types+react@18.3.23_lightningcss@1.22.1_ro_ecdb4f6840b86c4f81529d2795a8fe11/node_modules/@umijs/preset-umi/dist/features/hmrGuardian/hmrGuardian": {
      "config": {},
      "time": {
        "hooks": {},
        "register": 2
      },
      "type": "plugin",
      "path": "/Users/lvdengming/Program/repositories/umi-demo/node_modules/.pnpm/@umijs+preset-umi@4.4.11_@types+node@24.0.3_@types+react@18.3.23_lightningcss@1.22.1_ro_ecdb4f6840b86c4f81529d2795a8fe11/node_modules/@umijs/preset-umi/dist/features/hmrGuardian/hmrGuardian.js",
      "cwd": "/Users/lvdengming/Program/repositories/umi-demo",
      "id": "./node_modules/.pnpm/@umijs+preset-umi@4.4.11_@types+node@24.0.3_@types+react@18.3.23_lightningcss@1.22.1_ro_ecdb4f6840b86c4f81529d2795a8fe11/node_modules/@umijs/preset-umi/dist/features/hmrGuardian/hmrGuardian",
      "key": "hmrGuardian"
    },
    "./node_modules/.pnpm/@umijs+preset-umi@4.4.11_@types+node@24.0.3_@types+react@18.3.23_lightningcss@1.22.1_ro_ecdb4f6840b86c4f81529d2795a8fe11/node_modules/@umijs/preset-umi/dist/features/routePreloadOnLoad/routePreloadOnLoad": {
      "config": {},
      "time": {
        "hooks": {},
        "register": 0
      },
      "type": "plugin",
      "path": "/Users/lvdengming/Program/repositories/umi-demo/node_modules/.pnpm/@umijs+preset-umi@4.4.11_@types+node@24.0.3_@types+react@18.3.23_lightningcss@1.22.1_ro_ecdb4f6840b86c4f81529d2795a8fe11/node_modules/@umijs/preset-umi/dist/features/routePreloadOnLoad/routePreloadOnLoad.js",
      "cwd": "/Users/lvdengming/Program/repositories/umi-demo",
      "id": "./node_modules/.pnpm/@umijs+preset-umi@4.4.11_@types+node@24.0.3_@types+react@18.3.23_lightningcss@1.22.1_ro_ecdb4f6840b86c4f81529d2795a8fe11/node_modules/@umijs/preset-umi/dist/features/routePreloadOnLoad/routePreloadOnLoad",
      "key": "routePreloadOnLoad"
    },
    "./node_modules/.pnpm/@umijs+preset-umi@4.4.11_@types+node@24.0.3_@types+react@18.3.23_lightningcss@1.22.1_ro_ecdb4f6840b86c4f81529d2795a8fe11/node_modules/@umijs/preset-umi/dist/features/forget/forget": {
      "config": {},
      "time": {
        "hooks": {},
        "register": 1
      },
      "enableBy": "config",
      "type": "plugin",
      "path": "/Users/lvdengming/Program/repositories/umi-demo/node_modules/.pnpm/@umijs+preset-umi@4.4.11_@types+node@24.0.3_@types+react@18.3.23_lightningcss@1.22.1_ro_ecdb4f6840b86c4f81529d2795a8fe11/node_modules/@umijs/preset-umi/dist/features/forget/forget.js",
      "cwd": "/Users/lvdengming/Program/repositories/umi-demo",
      "id": "./node_modules/.pnpm/@umijs+preset-umi@4.4.11_@types+node@24.0.3_@types+react@18.3.23_lightningcss@1.22.1_ro_ecdb4f6840b86c4f81529d2795a8fe11/node_modules/@umijs/preset-umi/dist/features/forget/forget",
      "key": "forget"
    },
    "./node_modules/.pnpm/@umijs+preset-umi@4.4.11_@types+node@24.0.3_@types+react@18.3.23_lightningcss@1.22.1_ro_ecdb4f6840b86c4f81529d2795a8fe11/node_modules/@umijs/preset-umi/dist/features/bundler/bundler": {
      "config": {},
      "time": {
        "hooks": {},
        "register": 1
      },
      "enableBy": "register",
      "type": "plugin",
      "path": "/Users/lvdengming/Program/repositories/umi-demo/node_modules/.pnpm/@umijs+preset-umi@4.4.11_@types+node@24.0.3_@types+react@18.3.23_lightningcss@1.22.1_ro_ecdb4f6840b86c4f81529d2795a8fe11/node_modules/@umijs/preset-umi/dist/features/bundler/bundler.js",
      "cwd": "/Users/lvdengming/Program/repositories/umi-demo",
      "id": "./node_modules/.pnpm/@umijs+preset-umi@4.4.11_@types+node@24.0.3_@types+react@18.3.23_lightningcss@1.22.1_ro_ecdb4f6840b86c4f81529d2795a8fe11/node_modules/@umijs/preset-umi/dist/features/bundler/bundler",
      "key": "preset-umi:bundler"
    },
    "./node_modules/.pnpm/@umijs+preset-umi@4.4.11_@types+node@24.0.3_@types+react@18.3.23_lightningcss@1.22.1_ro_ecdb4f6840b86c4f81529d2795a8fe11/node_modules/@umijs/preset-umi/dist/commands/build": {
      "config": {},
      "time": {
        "hooks": {},
        "register": 2
      },
      "enableBy": "register",
      "type": "plugin",
      "path": "/Users/lvdengming/Program/repositories/umi-demo/node_modules/.pnpm/@umijs+preset-umi@4.4.11_@types+node@24.0.3_@types+react@18.3.23_lightningcss@1.22.1_ro_ecdb4f6840b86c4f81529d2795a8fe11/node_modules/@umijs/preset-umi/dist/commands/build.js",
      "cwd": "/Users/lvdengming/Program/repositories/umi-demo",
      "id": "./node_modules/.pnpm/@umijs+preset-umi@4.4.11_@types+node@24.0.3_@types+react@18.3.23_lightningcss@1.22.1_ro_ecdb4f6840b86c4f81529d2795a8fe11/node_modules/@umijs/preset-umi/dist/commands/build",
      "key": "build"
    },
    "./node_modules/.pnpm/@umijs+preset-umi@4.4.11_@types+node@24.0.3_@types+react@18.3.23_lightningcss@1.22.1_ro_ecdb4f6840b86c4f81529d2795a8fe11/node_modules/@umijs/preset-umi/dist/commands/config/config": {
      "config": {},
      "time": {
        "hooks": {},
        "register": 21
      },
      "enableBy": "register",
      "type": "plugin",
      "path": "/Users/lvdengming/Program/repositories/umi-demo/node_modules/.pnpm/@umijs+preset-umi@4.4.11_@types+node@24.0.3_@types+react@18.3.23_lightningcss@1.22.1_ro_ecdb4f6840b86c4f81529d2795a8fe11/node_modules/@umijs/preset-umi/dist/commands/config/config.js",
      "cwd": "/Users/lvdengming/Program/repositories/umi-demo",
      "id": "./node_modules/.pnpm/@umijs+preset-umi@4.4.11_@types+node@24.0.3_@types+react@18.3.23_lightningcss@1.22.1_ro_ecdb4f6840b86c4f81529d2795a8fe11/node_modules/@umijs/preset-umi/dist/commands/config/config",
      "key": "config"
    },
    "./node_modules/.pnpm/@umijs+preset-umi@4.4.11_@types+node@24.0.3_@types+react@18.3.23_lightningcss@1.22.1_ro_ecdb4f6840b86c4f81529d2795a8fe11/node_modules/@umijs/preset-umi/dist/commands/dev/dev": {
      "config": {},
      "time": {
        "hooks": {},
        "register": 20
      },
      "type": "plugin",
      "path": "/Users/lvdengming/Program/repositories/umi-demo/node_modules/.pnpm/@umijs+preset-umi@4.4.11_@types+node@24.0.3_@types+react@18.3.23_lightningcss@1.22.1_ro_ecdb4f6840b86c4f81529d2795a8fe11/node_modules/@umijs/preset-umi/dist/commands/dev/dev.js",
      "cwd": "/Users/lvdengming/Program/repositories/umi-demo",
      "id": "./node_modules/.pnpm/@umijs+preset-umi@4.4.11_@types+node@24.0.3_@types+react@18.3.23_lightningcss@1.22.1_ro_ecdb4f6840b86c4f81529d2795a8fe11/node_modules/@umijs/preset-umi/dist/commands/dev/dev",
      "key": "dev"
    },
    "./node_modules/.pnpm/@umijs+preset-umi@4.4.11_@types+node@24.0.3_@types+react@18.3.23_lightningcss@1.22.1_ro_ecdb4f6840b86c4f81529d2795a8fe11/node_modules/@umijs/preset-umi/dist/commands/help": {
      "config": {},
      "time": {
        "hooks": {},
        "register": 0
      },
      "enableBy": "register",
      "type": "plugin",
      "path": "/Users/lvdengming/Program/repositories/umi-demo/node_modules/.pnpm/@umijs+preset-umi@4.4.11_@types+node@24.0.3_@types+react@18.3.23_lightningcss@1.22.1_ro_ecdb4f6840b86c4f81529d2795a8fe11/node_modules/@umijs/preset-umi/dist/commands/help.js",
      "cwd": "/Users/lvdengming/Program/repositories/umi-demo",
      "id": "./node_modules/.pnpm/@umijs+preset-umi@4.4.11_@types+node@24.0.3_@types+react@18.3.23_lightningcss@1.22.1_ro_ecdb4f6840b86c4f81529d2795a8fe11/node_modules/@umijs/preset-umi/dist/commands/help",
      "key": "help"
    },
    "./node_modules/.pnpm/@umijs+preset-umi@4.4.11_@types+node@24.0.3_@types+react@18.3.23_lightningcss@1.22.1_ro_ecdb4f6840b86c4f81529d2795a8fe11/node_modules/@umijs/preset-umi/dist/commands/lint": {
      "config": {},
      "time": {
        "hooks": {},
        "register": 1
      },
      "enableBy": "register",
      "type": "plugin",
      "path": "/Users/lvdengming/Program/repositories/umi-demo/node_modules/.pnpm/@umijs+preset-umi@4.4.11_@types+node@24.0.3_@types+react@18.3.23_lightningcss@1.22.1_ro_ecdb4f6840b86c4f81529d2795a8fe11/node_modules/@umijs/preset-umi/dist/commands/lint.js",
      "cwd": "/Users/lvdengming/Program/repositories/umi-demo",
      "id": "./node_modules/.pnpm/@umijs+preset-umi@4.4.11_@types+node@24.0.3_@types+react@18.3.23_lightningcss@1.22.1_ro_ecdb4f6840b86c4f81529d2795a8fe11/node_modules/@umijs/preset-umi/dist/commands/lint",
      "key": "lint"
    },
    "./node_modules/.pnpm/@umijs+preset-umi@4.4.11_@types+node@24.0.3_@types+react@18.3.23_lightningcss@1.22.1_ro_ecdb4f6840b86c4f81529d2795a8fe11/node_modules/@umijs/preset-umi/dist/commands/setup": {
      "config": {},
      "time": {
        "hooks": {},
        "register": 0
      },
      "enableBy": "register",
      "type": "plugin",
      "path": "/Users/lvdengming/Program/repositories/umi-demo/node_modules/.pnpm/@umijs+preset-umi@4.4.11_@types+node@24.0.3_@types+react@18.3.23_lightningcss@1.22.1_ro_ecdb4f6840b86c4f81529d2795a8fe11/node_modules/@umijs/preset-umi/dist/commands/setup.js",
      "cwd": "/Users/lvdengming/Program/repositories/umi-demo",
      "id": "./node_modules/.pnpm/@umijs+preset-umi@4.4.11_@types+node@24.0.3_@types+react@18.3.23_lightningcss@1.22.1_ro_ecdb4f6840b86c4f81529d2795a8fe11/node_modules/@umijs/preset-umi/dist/commands/setup",
      "key": "setup"
    },
    "./node_modules/.pnpm/@umijs+preset-umi@4.4.11_@types+node@24.0.3_@types+react@18.3.23_lightningcss@1.22.1_ro_ecdb4f6840b86c4f81529d2795a8fe11/node_modules/@umijs/preset-umi/dist/commands/deadcode": {
      "config": {},
      "time": {
        "hooks": {},
        "register": 0
      },
      "enableBy": "register",
      "type": "plugin",
      "path": "/Users/lvdengming/Program/repositories/umi-demo/node_modules/.pnpm/@umijs+preset-umi@4.4.11_@types+node@24.0.3_@types+react@18.3.23_lightningcss@1.22.1_ro_ecdb4f6840b86c4f81529d2795a8fe11/node_modules/@umijs/preset-umi/dist/commands/deadcode.js",
      "cwd": "/Users/lvdengming/Program/repositories/umi-demo",
      "id": "./node_modules/.pnpm/@umijs+preset-umi@4.4.11_@types+node@24.0.3_@types+react@18.3.23_lightningcss@1.22.1_ro_ecdb4f6840b86c4f81529d2795a8fe11/node_modules/@umijs/preset-umi/dist/commands/deadcode",
      "key": "deadcode"
    },
    "./node_modules/.pnpm/@umijs+preset-umi@4.4.11_@types+node@24.0.3_@types+react@18.3.23_lightningcss@1.22.1_ro_ecdb4f6840b86c4f81529d2795a8fe11/node_modules/@umijs/preset-umi/dist/commands/version": {
      "config": {},
      "time": {
        "hooks": {},
        "register": 1
      },
      "enableBy": "register",
      "type": "plugin",
      "path": "/Users/lvdengming/Program/repositories/umi-demo/node_modules/.pnpm/@umijs+preset-umi@4.4.11_@types+node@24.0.3_@types+react@18.3.23_lightningcss@1.22.1_ro_ecdb4f6840b86c4f81529d2795a8fe11/node_modules/@umijs/preset-umi/dist/commands/version.js",
      "cwd": "/Users/lvdengming/Program/repositories/umi-demo",
      "id": "./node_modules/.pnpm/@umijs+preset-umi@4.4.11_@types+node@24.0.3_@types+react@18.3.23_lightningcss@1.22.1_ro_ecdb4f6840b86c4f81529d2795a8fe11/node_modules/@umijs/preset-umi/dist/commands/version",
      "key": "version"
    },
    "./node_modules/.pnpm/@umijs+preset-umi@4.4.11_@types+node@24.0.3_@types+react@18.3.23_lightningcss@1.22.1_ro_ecdb4f6840b86c4f81529d2795a8fe11/node_modules/@umijs/preset-umi/dist/commands/generators/page": {
      "config": {},
      "time": {
        "hooks": {},
        "register": 1
      },
      "enableBy": "register",
      "type": "plugin",
      "path": "/Users/lvdengming/Program/repositories/umi-demo/node_modules/.pnpm/@umijs+preset-umi@4.4.11_@types+node@24.0.3_@types+react@18.3.23_lightningcss@1.22.1_ro_ecdb4f6840b86c4f81529d2795a8fe11/node_modules/@umijs/preset-umi/dist/commands/generators/page.js",
      "cwd": "/Users/lvdengming/Program/repositories/umi-demo",
      "id": "./node_modules/.pnpm/@umijs+preset-umi@4.4.11_@types+node@24.0.3_@types+react@18.3.23_lightningcss@1.22.1_ro_ecdb4f6840b86c4f81529d2795a8fe11/node_modules/@umijs/preset-umi/dist/commands/generators/page",
      "key": "generator:page"
    },
    "./node_modules/.pnpm/@umijs+preset-umi@4.4.11_@types+node@24.0.3_@types+react@18.3.23_lightningcss@1.22.1_ro_ecdb4f6840b86c4f81529d2795a8fe11/node_modules/@umijs/preset-umi/dist/commands/generators/prettier": {
      "config": {},
      "time": {
        "hooks": {},
        "register": 0
      },
      "enableBy": "register",
      "type": "plugin",
      "path": "/Users/lvdengming/Program/repositories/umi-demo/node_modules/.pnpm/@umijs+preset-umi@4.4.11_@types+node@24.0.3_@types+react@18.3.23_lightningcss@1.22.1_ro_ecdb4f6840b86c4f81529d2795a8fe11/node_modules/@umijs/preset-umi/dist/commands/generators/prettier.js",
      "cwd": "/Users/lvdengming/Program/repositories/umi-demo",
      "id": "./node_modules/.pnpm/@umijs+preset-umi@4.4.11_@types+node@24.0.3_@types+react@18.3.23_lightningcss@1.22.1_ro_ecdb4f6840b86c4f81529d2795a8fe11/node_modules/@umijs/preset-umi/dist/commands/generators/prettier",
      "key": "generator:prettier"
    },
    "./node_modules/.pnpm/@umijs+preset-umi@4.4.11_@types+node@24.0.3_@types+react@18.3.23_lightningcss@1.22.1_ro_ecdb4f6840b86c4f81529d2795a8fe11/node_modules/@umijs/preset-umi/dist/commands/generators/tsconfig": {
      "config": {},
      "time": {
        "hooks": {},
        "register": 0
      },
      "enableBy": "register",
      "type": "plugin",
      "path": "/Users/lvdengming/Program/repositories/umi-demo/node_modules/.pnpm/@umijs+preset-umi@4.4.11_@types+node@24.0.3_@types+react@18.3.23_lightningcss@1.22.1_ro_ecdb4f6840b86c4f81529d2795a8fe11/node_modules/@umijs/preset-umi/dist/commands/generators/tsconfig.js",
      "cwd": "/Users/lvdengming/Program/repositories/umi-demo",
      "id": "./node_modules/.pnpm/@umijs+preset-umi@4.4.11_@types+node@24.0.3_@types+react@18.3.23_lightningcss@1.22.1_ro_ecdb4f6840b86c4f81529d2795a8fe11/node_modules/@umijs/preset-umi/dist/commands/generators/tsconfig",
      "key": "generator:tsconfig"
    },
    "./node_modules/.pnpm/@umijs+preset-umi@4.4.11_@types+node@24.0.3_@types+react@18.3.23_lightningcss@1.22.1_ro_ecdb4f6840b86c4f81529d2795a8fe11/node_modules/@umijs/preset-umi/dist/commands/generators/jest": {
      "config": {},
      "time": {
        "hooks": {},
        "register": 1
      },
      "enableBy": "register",
      "type": "plugin",
      "path": "/Users/lvdengming/Program/repositories/umi-demo/node_modules/.pnpm/@umijs+preset-umi@4.4.11_@types+node@24.0.3_@types+react@18.3.23_lightningcss@1.22.1_ro_ecdb4f6840b86c4f81529d2795a8fe11/node_modules/@umijs/preset-umi/dist/commands/generators/jest.js",
      "cwd": "/Users/lvdengming/Program/repositories/umi-demo",
      "id": "./node_modules/.pnpm/@umijs+preset-umi@4.4.11_@types+node@24.0.3_@types+react@18.3.23_lightningcss@1.22.1_ro_ecdb4f6840b86c4f81529d2795a8fe11/node_modules/@umijs/preset-umi/dist/commands/generators/jest",
      "key": "generator:jest"
    },
    "./node_modules/.pnpm/@umijs+preset-umi@4.4.11_@types+node@24.0.3_@types+react@18.3.23_lightningcss@1.22.1_ro_ecdb4f6840b86c4f81529d2795a8fe11/node_modules/@umijs/preset-umi/dist/commands/generators/tailwindcss": {
      "config": {},
      "time": {
        "hooks": {},
        "register": 0
      },
      "enableBy": "register",
      "type": "plugin",
      "path": "/Users/lvdengming/Program/repositories/umi-demo/node_modules/.pnpm/@umijs+preset-umi@4.4.11_@types+node@24.0.3_@types+react@18.3.23_lightningcss@1.22.1_ro_ecdb4f6840b86c4f81529d2795a8fe11/node_modules/@umijs/preset-umi/dist/commands/generators/tailwindcss.js",
      "cwd": "/Users/lvdengming/Program/repositories/umi-demo",
      "id": "./node_modules/.pnpm/@umijs+preset-umi@4.4.11_@types+node@24.0.3_@types+react@18.3.23_lightningcss@1.22.1_ro_ecdb4f6840b86c4f81529d2795a8fe11/node_modules/@umijs/preset-umi/dist/commands/generators/tailwindcss",
      "key": "generator:tailwindcss"
    },
    "./node_modules/.pnpm/@umijs+preset-umi@4.4.11_@types+node@24.0.3_@types+react@18.3.23_lightningcss@1.22.1_ro_ecdb4f6840b86c4f81529d2795a8fe11/node_modules/@umijs/preset-umi/dist/commands/generators/dva": {
      "config": {},
      "time": {
        "hooks": {},
        "register": 0
      },
      "enableBy": "register",
      "type": "plugin",
      "path": "/Users/lvdengming/Program/repositories/umi-demo/node_modules/.pnpm/@umijs+preset-umi@4.4.11_@types+node@24.0.3_@types+react@18.3.23_lightningcss@1.22.1_ro_ecdb4f6840b86c4f81529d2795a8fe11/node_modules/@umijs/preset-umi/dist/commands/generators/dva.js",
      "cwd": "/Users/lvdengming/Program/repositories/umi-demo",
      "id": "./node_modules/.pnpm/@umijs+preset-umi@4.4.11_@types+node@24.0.3_@types+react@18.3.23_lightningcss@1.22.1_ro_ecdb4f6840b86c4f81529d2795a8fe11/node_modules/@umijs/preset-umi/dist/commands/generators/dva",
      "key": "generator:dva"
    },
    "./node_modules/.pnpm/@umijs+preset-umi@4.4.11_@types+node@24.0.3_@types+react@18.3.23_lightningcss@1.22.1_ro_ecdb4f6840b86c4f81529d2795a8fe11/node_modules/@umijs/preset-umi/dist/commands/generators/component": {
      "config": {},
      "time": {
        "hooks": {},
        "register": 1
      },
      "enableBy": "register",
      "type": "plugin",
      "path": "/Users/lvdengming/Program/repositories/umi-demo/node_modules/.pnpm/@umijs+preset-umi@4.4.11_@types+node@24.0.3_@types+react@18.3.23_lightningcss@1.22.1_ro_ecdb4f6840b86c4f81529d2795a8fe11/node_modules/@umijs/preset-umi/dist/commands/generators/component.js",
      "cwd": "/Users/lvdengming/Program/repositories/umi-demo",
      "id": "./node_modules/.pnpm/@umijs+preset-umi@4.4.11_@types+node@24.0.3_@types+react@18.3.23_lightningcss@1.22.1_ro_ecdb4f6840b86c4f81529d2795a8fe11/node_modules/@umijs/preset-umi/dist/commands/generators/component",
      "key": "generator:component"
    },
    "./node_modules/.pnpm/@umijs+preset-umi@4.4.11_@types+node@24.0.3_@types+react@18.3.23_lightningcss@1.22.1_ro_ecdb4f6840b86c4f81529d2795a8fe11/node_modules/@umijs/preset-umi/dist/commands/generators/mock": {
      "config": {},
      "time": {
        "hooks": {},
        "register": 0
      },
      "enableBy": "register",
      "type": "plugin",
      "path": "/Users/lvdengming/Program/repositories/umi-demo/node_modules/.pnpm/@umijs+preset-umi@4.4.11_@types+node@24.0.3_@types+react@18.3.23_lightningcss@1.22.1_ro_ecdb4f6840b86c4f81529d2795a8fe11/node_modules/@umijs/preset-umi/dist/commands/generators/mock.js",
      "cwd": "/Users/lvdengming/Program/repositories/umi-demo",
      "id": "./node_modules/.pnpm/@umijs+preset-umi@4.4.11_@types+node@24.0.3_@types+react@18.3.23_lightningcss@1.22.1_ro_ecdb4f6840b86c4f81529d2795a8fe11/node_modules/@umijs/preset-umi/dist/commands/generators/mock",
      "key": "generator:mock"
    },
    "./node_modules/.pnpm/@umijs+preset-umi@4.4.11_@types+node@24.0.3_@types+react@18.3.23_lightningcss@1.22.1_ro_ecdb4f6840b86c4f81529d2795a8fe11/node_modules/@umijs/preset-umi/dist/commands/generators/cypress": {
      "config": {},
      "time": {
        "hooks": {},
        "register": 0
      },
      "enableBy": "register",
      "type": "plugin",
      "path": "/Users/lvdengming/Program/repositories/umi-demo/node_modules/.pnpm/@umijs+preset-umi@4.4.11_@types+node@24.0.3_@types+react@18.3.23_lightningcss@1.22.1_ro_ecdb4f6840b86c4f81529d2795a8fe11/node_modules/@umijs/preset-umi/dist/commands/generators/cypress.js",
      "cwd": "/Users/lvdengming/Program/repositories/umi-demo",
      "id": "./node_modules/.pnpm/@umijs+preset-umi@4.4.11_@types+node@24.0.3_@types+react@18.3.23_lightningcss@1.22.1_ro_ecdb4f6840b86c4f81529d2795a8fe11/node_modules/@umijs/preset-umi/dist/commands/generators/cypress",
      "key": "generator:cypress"
    },
    "./node_modules/.pnpm/@umijs+preset-umi@4.4.11_@types+node@24.0.3_@types+react@18.3.23_lightningcss@1.22.1_ro_ecdb4f6840b86c4f81529d2795a8fe11/node_modules/@umijs/preset-umi/dist/commands/generators/api": {
      "config": {},
      "time": {
        "hooks": {},
        "register": 0
      },
      "enableBy": "register",
      "type": "plugin",
      "path": "/Users/lvdengming/Program/repositories/umi-demo/node_modules/.pnpm/@umijs+preset-umi@4.4.11_@types+node@24.0.3_@types+react@18.3.23_lightningcss@1.22.1_ro_ecdb4f6840b86c4f81529d2795a8fe11/node_modules/@umijs/preset-umi/dist/commands/generators/api.js",
      "cwd": "/Users/lvdengming/Program/repositories/umi-demo",
      "id": "./node_modules/.pnpm/@umijs+preset-umi@4.4.11_@types+node@24.0.3_@types+react@18.3.23_lightningcss@1.22.1_ro_ecdb4f6840b86c4f81529d2795a8fe11/node_modules/@umijs/preset-umi/dist/commands/generators/api",
      "key": "generator:api"
    },
    "./node_modules/.pnpm/@umijs+preset-umi@4.4.11_@types+node@24.0.3_@types+react@18.3.23_lightningcss@1.22.1_ro_ecdb4f6840b86c4f81529d2795a8fe11/node_modules/@umijs/preset-umi/dist/commands/generators/precommit": {
      "config": {},
      "time": {
        "hooks": {},
        "register": 1
      },
      "enableBy": "register",
      "type": "plugin",
      "path": "/Users/lvdengming/Program/repositories/umi-demo/node_modules/.pnpm/@umijs+preset-umi@4.4.11_@types+node@24.0.3_@types+react@18.3.23_lightningcss@1.22.1_ro_ecdb4f6840b86c4f81529d2795a8fe11/node_modules/@umijs/preset-umi/dist/commands/generators/precommit.js",
      "cwd": "/Users/lvdengming/Program/repositories/umi-demo",
      "id": "./node_modules/.pnpm/@umijs+preset-umi@4.4.11_@types+node@24.0.3_@types+react@18.3.23_lightningcss@1.22.1_ro_ecdb4f6840b86c4f81529d2795a8fe11/node_modules/@umijs/preset-umi/dist/commands/generators/precommit",
      "key": "generator:precommit"
    },
    "./node_modules/.pnpm/@umijs+preset-umi@4.4.11_@types+node@24.0.3_@types+react@18.3.23_lightningcss@1.22.1_ro_ecdb4f6840b86c4f81529d2795a8fe11/node_modules/@umijs/preset-umi/dist/commands/plugin": {
      "config": {},
      "time": {
        "hooks": {},
        "register": 0
      },
      "enableBy": "register",
      "type": "plugin",
      "path": "/Users/lvdengming/Program/repositories/umi-demo/node_modules/.pnpm/@umijs+preset-umi@4.4.11_@types+node@24.0.3_@types+react@18.3.23_lightningcss@1.22.1_ro_ecdb4f6840b86c4f81529d2795a8fe11/node_modules/@umijs/preset-umi/dist/commands/plugin.js",
      "cwd": "/Users/lvdengming/Program/repositories/umi-demo",
      "id": "./node_modules/.pnpm/@umijs+preset-umi@4.4.11_@types+node@24.0.3_@types+react@18.3.23_lightningcss@1.22.1_ro_ecdb4f6840b86c4f81529d2795a8fe11/node_modules/@umijs/preset-umi/dist/commands/plugin",
      "key": "command:plugin"
    },
    "./node_modules/.pnpm/@umijs+preset-umi@4.4.11_@types+node@24.0.3_@types+react@18.3.23_lightningcss@1.22.1_ro_ecdb4f6840b86c4f81529d2795a8fe11/node_modules/@umijs/preset-umi/dist/commands/verify-commit": {
      "config": {},
      "time": {
        "hooks": {},
        "register": 1
      },
      "enableBy": "register",
      "type": "plugin",
      "path": "/Users/lvdengming/Program/repositories/umi-demo/node_modules/.pnpm/@umijs+preset-umi@4.4.11_@types+node@24.0.3_@types+react@18.3.23_lightningcss@1.22.1_ro_ecdb4f6840b86c4f81529d2795a8fe11/node_modules/@umijs/preset-umi/dist/commands/verify-commit.js",
      "cwd": "/Users/lvdengming/Program/repositories/umi-demo",
      "id": "./node_modules/.pnpm/@umijs+preset-umi@4.4.11_@types+node@24.0.3_@types+react@18.3.23_lightningcss@1.22.1_ro_ecdb4f6840b86c4f81529d2795a8fe11/node_modules/@umijs/preset-umi/dist/commands/verify-commit",
      "key": "verifyCommit"
    },
    "./node_modules/.pnpm/@umijs+preset-umi@4.4.11_@types+node@24.0.3_@types+react@18.3.23_lightningcss@1.22.1_ro_ecdb4f6840b86c4f81529d2795a8fe11/node_modules/@umijs/preset-umi/dist/commands/preview": {
      "config": {},
      "time": {
        "hooks": {},
        "register": 13
      },
      "enableBy": "register",
      "type": "plugin",
      "path": "/Users/lvdengming/Program/repositories/umi-demo/node_modules/.pnpm/@umijs+preset-umi@4.4.11_@types+node@24.0.3_@types+react@18.3.23_lightningcss@1.22.1_ro_ecdb4f6840b86c4f81529d2795a8fe11/node_modules/@umijs/preset-umi/dist/commands/preview.js",
      "cwd": "/Users/lvdengming/Program/repositories/umi-demo",
      "id": "./node_modules/.pnpm/@umijs+preset-umi@4.4.11_@types+node@24.0.3_@types+react@18.3.23_lightningcss@1.22.1_ro_ecdb4f6840b86c4f81529d2795a8fe11/node_modules/@umijs/preset-umi/dist/commands/preview",
      "key": "preview"
    },
    "./node_modules/.pnpm/@umijs+preset-umi@4.4.11_@types+node@24.0.3_@types+react@18.3.23_lightningcss@1.22.1_ro_ecdb4f6840b86c4f81529d2795a8fe11/node_modules/@umijs/preset-umi/dist/commands/mfsu/mfsu": {
      "config": {},
      "time": {
        "hooks": {},
        "register": 1
      },
      "enableBy": "register",
      "type": "plugin",
      "path": "/Users/lvdengming/Program/repositories/umi-demo/node_modules/.pnpm/@umijs+preset-umi@4.4.11_@types+node@24.0.3_@types+react@18.3.23_lightningcss@1.22.1_ro_ecdb4f6840b86c4f81529d2795a8fe11/node_modules/@umijs/preset-umi/dist/commands/mfsu/mfsu.js",
      "cwd": "/Users/lvdengming/Program/repositories/umi-demo",
      "id": "./node_modules/.pnpm/@umijs+preset-umi@4.4.11_@types+node@24.0.3_@types+react@18.3.23_lightningcss@1.22.1_ro_ecdb4f6840b86c4f81529d2795a8fe11/node_modules/@umijs/preset-umi/dist/commands/mfsu/mfsu",
      "key": "mfsu-cli"
    },
    "@umijs/plugin-run": {
      "config": {},
      "time": {
        "hooks": {},
        "register": 2
      },
      "enableBy": "register",
      "type": "plugin",
      "path": "/Users/lvdengming/Program/repositories/umi-demo/node_modules/.pnpm/@umijs+plugin-run@4.4.11/node_modules/@umijs/plugin-run/dist/index.js",
      "cwd": "/Users/lvdengming/Program/repositories/umi-demo",
      "id": "@umijs/plugin-run",
      "key": "run"
    },
    "./node_modules/.pnpm/@umijs+core@4.4.11/node_modules/@umijs/core/dist/service/generatePlugin": {
      "config": {},
      "time": {
        "hooks": {},
        "register": 0
      },
      "enableBy": "register",
      "type": "plugin",
      "path": "/Users/lvdengming/Program/repositories/umi-demo/node_modules/.pnpm/@umijs+core@4.4.11/node_modules/@umijs/core/dist/service/generatePlugin.js",
      "cwd": "/Users/lvdengming/Program/repositories/umi-demo",
      "id": "./node_modules/.pnpm/@umijs+core@4.4.11/node_modules/@umijs/core/dist/service/generatePlugin",
      "key": "generatePlugin"
    }
  },
  "presets": [],
  "name": "build",
  "args": {
    "_": []
  },
  "userConfig": {
    "routes": [
      {
        "path": "/",
        "component": "index"
      },
      {
        "path": "/docs",
        "component": "docs"
      }
    ],
    "npmClient": "pnpm"
  },
  "mainConfigFile": "/Users/lvdengming/Program/repositories/umi-demo/.umirc.ts",
  "config": {
    "routeLoader": {
      "moduleType": "esm"
    },
    "mountElementId": "root",
    "history": {
      "type": "browser"
    },
    "base": "/",
    "svgr": {},
    "publicPath": "/",
    "mfsu": {
      "strategy": "eager"
    },
    "ignoreMomentLocale": true,
    "externals": {},
    "autoCSSModules": true,
    "alias": {
      "umi": "@@/exports",
      "react": "/Users/lvdengming/Program/repositories/umi-demo/node_modules/.pnpm/react@18.3.1/node_modules/react",
      "react-dom": "/Users/lvdengming/Program/repositories/umi-demo/node_modules/.pnpm/react-dom@18.3.1_react@18.3.1/node_modules/react-dom",
      "react-router": "/Users/lvdengming/Program/repositories/umi-demo/node_modules/.pnpm/react-router@6.3.0_react@18.3.1/node_modules/react-router",
      "react-router-dom": "/Users/lvdengming/Program/repositories/umi-demo/node_modules/.pnpm/react-router-dom@6.3.0_react-dom@18.3.1_react@18.3.1__react@18.3.1/node_modules/react-router-dom",
      "@": "/Users/lvdengming/Program/repositories/umi-demo/src",
      "@@": "/Users/lvdengming/Program/repositories/umi-demo/src/.umi-production",
      "regenerator-runtime": "/Users/lvdengming/Program/repositories/umi-demo/node_modules/.pnpm/regenerator-runtime@0.13.11/node_modules/regenerator-runtime"
    },
    "routes": [
      {
        "path": "/",
        "component": "index"
      },
      {
        "path": "/docs",
        "component": "docs"
      }
    ],
    "npmClient": "pnpm",
    "targets": {
      "chrome": 80
    }
  },
  "routes": {
    "1": {
      "path": "/",
      "file": "@/pages/index.tsx",
      "parentId": "@@/global-layout",
      "id": "1",
      "absPath": "/",
      "__content": "import yayJpg from '../assets/yay.jpg';\n\nexport default function HomePage() {\n  return (\n    <div>\n      <h2>Yay! Welcome to umi!</h2>\n      <p>\n        <img src={yayJpg} width=\"388\" />\n      </p>\n      <p>\n        To get started, edit <code>pages/index.tsx</code> and save to reload.\n      </p>\n    </div>\n  );\n}\n",
      "__isJSFile": true,
      "__absFile": "/Users/lvdengming/Program/repositories/umi-demo/src/pages/index.tsx"
    },
    "2": {
      "path": "/docs",
      "file": "@/pages/docs.tsx",
      "parentId": "@@/global-layout",
      "id": "2",
      "absPath": "/docs",
      "__content": "const DocsPage = () => {\n  return (\n    <div>\n      <p>This is umi docs.</p>\n    </div>\n  );\n};\n\nexport default DocsPage;\n",
      "__isJSFile": true,
      "__absFile": "/Users/lvdengming/Program/repositories/umi-demo/src/pages/docs.tsx"
    },
    "@@/global-layout": {
      "id": "@@/global-layout",
      "path": "/",
      "file": "/Users/lvdengming/Program/repositories/umi-demo/src/layouts/index.tsx",
      "absPath": "/",
      "isLayout": true,
      "__absFile": "/Users/lvdengming/Program/repositories/umi-demo/src/layouts/index.tsx"
    }
  },
  "apiRoutes": {},
  "hasSrcDir": true,
  "npmClient": "pnpm",
  "umi": {
    "version": "4.4.11",
    "name": "Umi",
    "importSource": "umi",
    "cliName": "umi"
  },
  "bundleStatus": {
    "done": false
  },
  "mfsuBundleStatus": {
    "done": false
  },
  "react": {
    "version": "18.3.1",
    "path": "/Users/lvdengming/Program/repositories/umi-demo/node_modules/.pnpm/react@18.3.1/node_modules/react"
  },
  "react-dom": {
    "version": "18.3.1",
    "path": "/Users/lvdengming/Program/repositories/umi-demo/node_modules/.pnpm/react-dom@18.3.1_react@18.3.1/node_modules/react-dom"
  },
  "appJS": null,
  "locale": "en-US",
  "globalCSS": [],
  "globalJS": [],
  "overridesCSS": [],
  "bundler": "webpack",
  "framework": "react",
  "typescript": {
    "tsVersion": "5.8.3",
    "tslibVersion": "2.8.1"
  },
  "faviconFiles": []
}
